nom_dep,year,predicted_yield
Ain,2015,7.0251894
Ain,2016,6.4910784
Ain,2017,5.214435
Ain,2018,5.894825
Ain,2019,6.7884827
Ain,2020,5.7064214
Ain,2021,5.9267364
Ain,2022,5.418351
Ain,2023,6.3544903
Ain,2024,6.5251055
Ain,2025,6.402306
Ain,2026,5.563663
Ain,2027,6.076969
Ain,2028,5.8562717
Ain,2029,5.820911
Ain,2030,6.1924725
Ain,2031,6.231517
Ain,2032,6.2408752
Ain,2033,5.7280498
Ain,2034,6.9931126
Ain,2035,5.305213
Ain,2036,5.2172976
Ain,2037,6.2873125
Ain,2038,5.665695
Ain,2039,5.0316734
Ain,2040,6.296337
Ain,2041,5.773181
Ain,2042,5.922494
Ain,2043,6.08337
Ain,2044,7.1649175
Ain,2045,6.6331015
Ain,2046,5.540012
Ain,2047,6.28215
Ain,2048,6.632029
Ain,2049,5.4262123
Ain,2050,5.7859545
Aisne,2015,7.9114413
Aisne,2016,6.651728
Aisne,2017,7.5876055
Aisne,2018,7.4368277
Aisne,2019,8.149748
Aisne,2020,6.5170264
Aisne,2021,7.5360355
Aisne,2022,7.6137204
Aisne,2023,7.3796444
Aisne,2024,7.0044384
Aisne,2025,7.0644503
Aisne,2026,6.7766705
Aisne,2027,7.816621
Aisne,2028,7.5580406
Aisne,2029,6.8076963
Aisne,2030,6.9113307
Aisne,2031,6.9470105
Aisne,2032,7.32292
Aisne,2033,5.4150186
Aisne,2034,7.882253
Aisne,2035,6.6002746
Aisne,2036,7.1079264
Aisne,2037,7.1316867
Aisne,2038,7.483381
Aisne,2039,5.50269
Aisne,2040,8.113538
Aisne,2041,7.59632
Aisne,2042,7.737299
Aisne,2043,8.01912
Aisne,2044,8.83853
Aisne,2045,8.375748
Aisne,2046,7.318121
Aisne,2047,7.3769746
Aisne,2048,6.9848948
Aisne,2049,7.811183
Aisne,2050,8.094144
Allier,2015,6.26952
Allier,2016,5.515596
Allier,2017,6.0421815
Allier,2018,5.708322
Allier,2019,5.662772
Allier,2020,5.680075
Allier,2021,5.8217454
Allier,2022,6.3573933
Allier,2023,5.8715
Allier,2024,5.832424
Allier,2025,5.7699857
Allier,2026,6.073477
Allier,2027,5.2525477
Allier,2028,6.8078146
Allier,2029,6.0385942
Allier,2030,6.5920362
Allier,2031,5.8716326
Allier,2032,6.4410267
Allier,2033,6.075819
Allier,2034,6.263084
Allier,2035,4.272894
Allier,2036,5.215287
Allier,2037,5.5450726
Allier,2038,6.450715
Allier,2039,4.870777
Allier,2040,6.800933
Allier,2041,5.3948755
Allier,2042,6.316802
Allier,2043,6.150948
Allier,2044,7.323807
Allier,2045,6.9958334
Allier,2046,6.3699145
Allier,2047,6.0851564
Allier,2048,5.8595066
Allier,2049,6.225441
Allier,2050,6.547138
Alpes_Maritimes,2015,6.1168413
Alpes_Maritimes,2016,5.357531
Alpes_Maritimes,2017,4.7698755
Alpes_Maritimes,2018,5.5699472
Alpes_Maritimes,2019,5.8033323
Alpes_Maritimes,2020,5.7452164
Alpes_Maritimes,2021,4.6080627
Alpes_Maritimes,2022,4.928334
Alpes_Maritimes,2023,5.482794
Alpes_Maritimes,2024,5.712506
Alpes_Maritimes,2025,5.721564
Alpes_Maritimes,2026,5.0261126
Alpes_Maritimes,2027,5.439974
Alpes_Maritimes,2028,4.6112494
Alpes_Maritimes,2029,4.989599
Alpes_Maritimes,2030,4.9408917
Alpes_Maritimes,2031,5.959614
Alpes_Maritimes,2032,5.7834086
Alpes_Maritimes,2033,4.55649
Alpes_Maritimes,2034,5.434556
Alpes_Maritimes,2035,6.211369
Alpes_Maritimes,2036,5.462224
Alpes_Maritimes,2037,5.232198
Alpes_Maritimes,2038,5.2091312
Alpes_Maritimes,2039,6.7063465
Alpes_Maritimes,2040,5.8492227
Alpes_Maritimes,2041,6.181485
Alpes_Maritimes,2042,5.348158
Alpes_Maritimes,2043,5.2156825
Alpes_Maritimes,2044,5.209795
Alpes_Maritimes,2045,6.3480244
Alpes_Maritimes,2046,4.3074923
Alpes_Maritimes,2047,5.3349686
Alpes_Maritimes,2048,4.9066343
Alpes_Maritimes,2049,5.559895
Alpes_Maritimes,2050,5.3401794
Alpes_de_Haute_Provence,2015,6.296421
Alpes_de_Haute_Provence,2016,4.95458
Alpes_de_Haute_Provence,2017,3.8710117
Alpes_de_Haute_Provence,2018,4.440337
Alpes_de_Haute_Provence,2019,5.166662
Alpes_de_Haute_Provence,2020,5.2680607
Alpes_de_Haute_Provence,2021,4.292465
Alpes_de_Haute_Provence,2022,5.3205914
Alpes_de_Haute_Provence,2023,4.6719656
Alpes_de_Haute_Provence,2024,4.6264086
Alpes_de_Haute_Provence,2025,5.185348
Alpes_de_Haute_Provence,2026,5.0671515
Alpes_de_Haute_Provence,2027,5.124475
Alpes_de_Haute_Provence,2028,3.9832642
Alpes_de_Haute_Provence,2029,3.9431024
Alpes_de_Haute_Provence,2030,4.734059
Alpes_de_Haute_Provence,2031,4.780896
Alpes_de_Haute_Provence,2032,4.2002316
Alpes_de_Haute_Provence,2033,5.152789
Alpes_de_Haute_Provence,2034,4.933099
Alpes_de_Haute_Provence,2035,5.687337
Alpes_de_Haute_Provence,2036,5.1020136
Alpes_de_Haute_Provence,2037,5.0450616
Alpes_de_Haute_Provence,2038,4.744873
Alpes_de_Haute_Provence,2039,6.2241344
Alpes_de_Haute_Provence,2040,5.8573685
Alpes_de_Haute_Provence,2041,5.5367174
Alpes_de_Haute_Provence,2042,4.365596
Alpes_de_Haute_Provence,2043,5.8241043
Alpes_de_Haute_Provence,2044,5.222428
Alpes_de_Haute_Provence,2045,6.0536447
Alpes_de_Haute_Provence,2046,4.405757
Alpes_de_Haute_Provence,2047,5.16408
Alpes_de_Haute_Provence,2048,4.518609
Alpes_de_Haute_Provence,2049,5.2620006
Alpes_de_Haute_Provence,2050,4.7328353
Ardeche,2015,6.22333
Ardeche,2016,6.0049505
Ardeche,2017,5.1568675
Ardeche,2018,5.943251
Ardeche,2019,5.185944
Ardeche,2020,5.734048
Ardeche,2021,5.4255924
Ardeche,2022,4.893308
Ardeche,2023,5.529634
Ardeche,2024,5.3739376
Ardeche,2025,5.4418592
Ardeche,2026,6.7565928
Ardeche,2027,6.396466
Ardeche,2028,5.306616
Ardeche,2029,4.9222345
Ardeche,2030,6.167592
Ardeche,2031,5.521031
Ardeche,2032,6.178605
Ardeche,2033,5.015279
Ardeche,2034,5.595934
Ardeche,2035,6.1699543
Ardeche,2036,6.241295
Ardeche,2037,5.5106344
Ardeche,2038,6.309664
Ardeche,2039,5.209311
Ardeche,2040,6.482993
Ardeche,2041,6.4943156
Ardeche,2042,6.291626
Ardeche,2043,5.2425494
Ardeche,2044,5.9419227
Ardeche,2045,6.3320932
Ardeche,2046,5.5502095
Ardeche,2047,6.2464857
Ardeche,2048,6.04665
Ardeche,2049,5.722808
Ardeche,2050,6.3233275
Ardennes,2015,6.874021
Ardennes,2016,6.4908333
Ardennes,2017,6.745452
Ardennes,2018,7.292433
Ardennes,2019,7.054391
Ardennes,2020,6.578151
Ardennes,2021,6.7962513
Ardennes,2022,6.929665
Ardennes,2023,6.700985
Ardennes,2024,6.765274
Ardennes,2025,5.789183
Ardennes,2026,5.488289
Ardennes,2027,6.8375053
Ardennes,2028,6.653752
Ardennes,2029,6.943336
Ardennes,2030,6.898691
Ardennes,2031,6.608466
Ardennes,2032,7.2562447
Ardennes,2033,6.1591244
Ardennes,2034,6.6294827
Ardennes,2035,6.2385454
Ardennes,2036,6.7139688
Ardennes,2037,6.790082
Ardennes,2038,7.0564528
Ardennes,2039,5.797908
Ardennes,2040,7.516348
Ardennes,2041,6.783331
Ardennes,2042,6.9458222
Ardennes,2043,6.80869
Ardennes,2044,7.9251194
Ardennes,2045,7.2305727
Ardennes,2046,6.455652
Ardennes,2047,6.653448
Ardennes,2048,6.9590387
Ardennes,2049,7.530541
Ardennes,2050,7.045377
Ariege,2015,7.3124957
Ariege,2016,6.855605
Ariege,2017,5.8092914
Ariege,2018,6.9484177
Ariege,2019,6.9391174
Ariege,2020,6.6496315
Ariege,2021,5.8778405
Ariege,2022,6.805888
Ariege,2023,7.129335
Ariege,2024,5.8284545
Ariege,2025,6.5547323
Ariege,2026,6.2167554
Ariege,2027,6.908326
Ariege,2028,6.269766
Ariege,2029,5.642717
Ariege,2030,7.040356
Ariege,2031,6.7062984
Ariege,2032,7.189896
Ariege,2033,6.5610876
Ariege,2034,5.805382
Ariege,2035,6.9992943
Ariege,2036,6.953355
Ariege,2037,6.2388988
Ariege,2038,5.9669194
Ariege,2039,7.2790275
Ariege,2040,7.5147777
Ariege,2041,6.715411
Ariege,2042,6.661455
Ariege,2043,7.513153
Ariege,2044,6.497172
Ariege,2045,7.111636
Ariege,2046,6.442814
Ariege,2047,7.3305163
Ariege,2048,6.3704805
Ariege,2049,7.2017536
Ariege,2050,6.767938
Aube,2015,7.246849
Aube,2016,6.604909
Aube,2017,7.170079
Aube,2018,6.421247
Aube,2019,6.3902707
Aube,2020,6.4287834
Aube,2021,7.211027
Aube,2022,7.4332037
Aube,2023,7.799135
Aube,2024,6.8574667
Aube,2025,7.6101465
Aube,2026,5.04074
Aube,2027,6.499327
Aube,2028,7.186446
Aube,2029,7.1090913
Aube,2030,7.107569
Aube,2031,7.4348955
Aube,2032,7.7051663
Aube,2033,5.6267166
Aube,2034,6.728387
Aube,2035,4.90724
Aube,2036,6.797661
Aube,2037,6.9355764
Aube,2038,7.4059362
Aube,2039,5.636572
Aube,2040,6.6386
Aube,2041,6.427819
Aube,2042,7.193523
Aube,2043,7.06882
Aube,2044,7.7541246
Aube,2045,7.7359495
Aube,2046,6.4355373
Aube,2047,5.792516
Aube,2048,6.655816
Aube,2049,6.1979036
Aube,2050,7.249287
Aude,2015,5.3899536
Aude,2016,3.90907
Aude,2017,5.366599
Aude,2018,4.1902084
Aude,2019,4.3487144
Aude,2020,3.9929242
Aude,2021,6.5561523
Aude,2022,6.539959
Aude,2023,5.4519672
Aude,2024,4.549025
Aude,2025,4.5161495
Aude,2026,3.9036894
Aude,2027,4.717662
Aude,2028,6.1838036
Aude,2029,5.398639
Aude,2030,5.608534
Aude,2031,5.471889
Aude,2032,5.103349
Aude,2033,4.251239
Aude,2034,5.0511203
Aude,2035,3.9545865
Aude,2036,4.551251
Aude,2037,4.1884956
Aude,2038,5.850077
Aude,2039,3.5198574
Aude,2040,5.233363
Aude,2041,3.806896
Aude,2042,5.057254
Aude,2043,5.052816
Aude,2044,5.431711
Aude,2045,6.018103
Aude,2046,4.8836384
Aude,2047,4.588209
Aude,2048,4.2347617
Aude,2049,4.167435
Aude,2050,4.9013124
Aveyron,2015,5.9430413
Aveyron,2016,4.6028986
Aveyron,2017,4.8984313
Aveyron,2018,5.3008122
Aveyron,2019,5.1278076
Aveyron,2020,5.485083
Aveyron,2021,5.565687
Aveyron,2022,4.8511105
Aveyron,2023,5.5125847
Aveyron,2024,6.081749
Aveyron,2025,5.8308597
Aveyron,2026,6.4881144
Aveyron,2027,5.567809
Aveyron,2028,5.975117
Aveyron,2029,5.745525
Aveyron,2030,5.9696255
Aveyron,2031,4.9977293
Aveyron,2032,7.057541
Aveyron,2033,5.7756877
Aveyron,2034,6.0062995
Aveyron,2035,6.027788
Aveyron,2036,6.1436872
Aveyron,2037,5.715901
Aveyron,2038,6.0251946
Aveyron,2039,6.16792
Aveyron,2040,6.968559
Aveyron,2041,6.464079
Aveyron,2042,6.2753763
Aveyron,2043,5.833537
Aveyron,2044,6.476233
Aveyron,2045,6.192932
Aveyron,2046,5.961821
Aveyron,2047,6.0502167
Aveyron,2048,6.368925
Aveyron,2049,6.5877843
Aveyron,2050,6.3383684
Bas_Rhin,2015,6.1141424
Bas_Rhin,2016,6.438177
Bas_Rhin,2017,5.630834
Bas_Rhin,2018,5.7987003
Bas_Rhin,2019,6.250413
Bas_Rhin,2020,5.6715784
Bas_Rhin,2021,5.8757954
Bas_Rhin,2022,6.675184
Bas_Rhin,2023,6.853162
Bas_Rhin,2024,6.7504163
Bas_Rhin,2025,5.7475333
Bas_Rhin,2026,4.843367
Bas_Rhin,2027,5.1713905
Bas_Rhin,2028,6.2342567
Bas_Rhin,2029,4.944822
Bas_Rhin,2030,6.105281
Bas_Rhin,2031,6.5184555
Bas_Rhin,2032,6.3040986
Bas_Rhin,2033,5.0442176
Bas_Rhin,2034,6.0748525
Bas_Rhin,2035,6.1321774
Bas_Rhin,2036,5.70257
Bas_Rhin,2037,5.870435
Bas_Rhin,2038,6.4007382
Bas_Rhin,2039,5.5049186
Bas_Rhin,2040,6.7275186
Bas_Rhin,2041,5.6389832
Bas_Rhin,2042,6.616466
Bas_Rhin,2043,6.314235
Bas_Rhin,2044,6.4321656
Bas_Rhin,2045,6.381329
Bas_Rhin,2046,5.776445
Bas_Rhin,2047,6.151709
Bas_Rhin,2048,5.6928473
Bas_Rhin,2049,5.7007427
Bas_Rhin,2050,6.715555
Bouches_du_Rhone,2015,3.5392852
Bouches_du_Rhone,2016,3.4576313
Bouches_du_Rhone,2017,4.4765005
Bouches_du_Rhone,2018,3.4831724
Bouches_du_Rhone,2019,3.0955164
Bouches_du_Rhone,2020,3.2623248
Bouches_du_Rhone,2021,2.8713279
Bouches_du_Rhone,2022,3.011539
Bouches_du_Rhone,2023,3.8934643
Bouches_du_Rhone,2024,3.2956343
Bouches_du_Rhone,2025,3.8334684
Bouches_du_Rhone,2026,4.255599
Bouches_du_Rhone,2027,3.35315
Bouches_du_Rhone,2028,4.469286
Bouches_du_Rhone,2029,3.9072146
Bouches_du_Rhone,2030,3.8964272
Bouches_du_Rhone,2031,4.4809484
Bouches_du_Rhone,2032,4.0967546
Bouches_du_Rhone,2033,3.5132728
Bouches_du_Rhone,2034,3.3523588
Bouches_du_Rhone,2035,3.1212313
Bouches_du_Rhone,2036,3.7940207
Bouches_du_Rhone,2037,3.1995008
Bouches_du_Rhone,2038,4.0123067
Bouches_du_Rhone,2039,3.625987
Bouches_du_Rhone,2040,4.455507
Bouches_du_Rhone,2041,3.7750769
Bouches_du_Rhone,2042,4.2159104
Bouches_du_Rhone,2043,3.2100148
Bouches_du_Rhone,2044,4.1995034
Bouches_du_Rhone,2045,3.8803139
Bouches_du_Rhone,2046,3.8089142
Bouches_du_Rhone,2047,4.2192454
Bouches_du_Rhone,2048,3.798349
Bouches_du_Rhone,2049,3.1365783
Bouches_du_Rhone,2050,3.9958363
Calvados,2015,5.5327454
Calvados,2016,6.6533117
Calvados,2017,6.184501
Calvados,2018,6.2316165
Calvados,2019,7.3564653
Calvados,2020,5.589028
Calvados,2021,7.030116
Calvados,2022,5.15274
Calvados,2023,7.1553593
Calvados,2024,6.000431
Calvados,2025,6.646115
Calvados,2026,6.3704667
Calvados,2027,6.0391088
Calvados,2028,5.9539514
Calvados,2029,6.000233
Calvados,2030,6.3091884
Calvados,2031,5.555077
Calvados,2032,5.8714123
Calvados,2033,7.2143307
Calvados,2034,5.0745106
Calvados,2035,5.3717184
Calvados,2036,5.5953484
Calvados,2037,5.811549
Calvados,2038,5.8344126
Calvados,2039,4.7996616
Calvados,2040,5.781253
Calvados,2041,5.2141585
Calvados,2042,6.884223
Calvados,2043,6.2181225
Calvados,2044,7.135038
Calvados,2045,6.0410995
Calvados,2046,5.1279707
Calvados,2047,4.597338
Calvados,2048,5.695208
Calvados,2049,7.2874336
Calvados,2050,7.180384
Cantal,2015,6.0573664
Cantal,2016,6.033798
Cantal,2017,5.5255275
Cantal,2018,5.6423626
Cantal,2019,5.4499702
Cantal,2020,5.9049654
Cantal,2021,5.4051285
Cantal,2022,5.3945084
Cantal,2023,5.544097
Cantal,2024,5.936945
Cantal,2025,5.357375
Cantal,2026,6.342417
Cantal,2027,5.5676603
Cantal,2028,5.3771615
Cantal,2029,5.505107
Cantal,2030,5.378525
Cantal,2031,5.6565537
Cantal,2032,6.256128
Cantal,2033,5.093033
Cantal,2034,5.489639
Cantal,2035,5.864444
Cantal,2036,6.0200543
Cantal,2037,5.507928
Cantal,2038,5.571324
Cantal,2039,5.6520896
Cantal,2040,6.1031895
Cantal,2041,5.817027
Cantal,2042,6.5349426
Cantal,2043,5.476606
Cantal,2044,5.962829
Cantal,2045,5.673169
Cantal,2046,5.7437334
Cantal,2047,5.3168626
Cantal,2048,6.0376124
Cantal,2049,6.001466
Cantal,2050,6.1780376
Charente,2015,5.820887
Charente,2016,6.2746305
Charente,2017,6.2717094
Charente,2018,4.9288673
Charente,2019,6.099532
Charente,2020,5.0132704
Charente,2021,6.147984
Charente,2022,6.434681
Charente,2023,5.9513216
Charente,2024,5.705763
Charente,2025,7.0771503
Charente,2026,5.31801
Charente,2027,5.0266867
Charente,2028,6.68166
Charente,2029,5.464042
Charente,2030,6.3374004
Charente,2031,6.137831
Charente,2032,5.7810297
Charente,2033,5.5838494
Charente,2034,5.686467
Charente,2035,4.887204
Charente,2036,5.4611716
Charente,2037,5.4316225
Charente,2038,6.548061
Charente,2039,5.178904
Charente,2040,5.591592
Charente,2041,4.6728206
Charente,2042,4.964429
Charente,2043,5.9055395
Charente,2044,6.37419
Charente,2045,6.180541
Charente,2046,5.873891
Charente,2047,5.232653
Charente,2048,5.293627
Charente,2049,5.5076456
Charente,2050,5.845725
Charente_Maritime,2015,5.6558332
Charente_Maritime,2016,5.0083327
Charente_Maritime,2017,6.244565
Charente_Maritime,2018,5.8318634
Charente_Maritime,2019,5.6424637
Charente_Maritime,2020,5.034045
Charente_Maritime,2021,5.646628
Charente_Maritime,2022,7.0728545
Charente_Maritime,2023,5.960191
Charente_Maritime,2024,5.614939
Charente_Maritime,2025,6.441786
Charente_Maritime,2026,5.1785097
Charente_Maritime,2027,5.6034875
Charente_Maritime,2028,6.6996922
Charente_Maritime,2029,5.433693
Charente_Maritime,2030,6.6570196
Charente_Maritime,2031,6.7796526
Charente_Maritime,2032,6.0594654
Charente_Maritime,2033,5.0312023
Charente_Maritime,2034,5.420685
Charente_Maritime,2035,4.655639
Charente_Maritime,2036,4.878583
Charente_Maritime,2037,5.4893703
Charente_Maritime,2038,6.3819366
Charente_Maritime,2039,4.465355
Charente_Maritime,2040,5.9718533
Charente_Maritime,2041,4.5759506
Charente_Maritime,2042,5.614158
Charente_Maritime,2043,5.8234997
Charente_Maritime,2044,5.631856
Charente_Maritime,2045,5.6221986
Charente_Maritime,2046,5.58214
Charente_Maritime,2047,5.3426166
Charente_Maritime,2048,5.7728963
Charente_Maritime,2049,5.385485
Charente_Maritime,2050,6.0727687
Cher,2015,7.0836816
Cher,2016,6.6653023
Cher,2017,6.3805494
Cher,2018,6.606819
Cher,2019,6.3781023
Cher,2020,5.8467317
Cher,2021,6.6503234
Cher,2022,7.221814
Cher,2023,7.3320503
Cher,2024,7.2493753
Cher,2025,6.696074
Cher,2026,6.30682
Cher,2027,6.227723
Cher,2028,7.6576805
Cher,2029,6.3308315
Cher,2030,7.7605066
Cher,2031,7.242565
Cher,2032,7.704769
Cher,2033,5.4425488
Cher,2034,5.9043636
Cher,2035,5.120573
Cher,2036,5.87172
Cher,2037,6.081086
Cher,2038,7.5725803
Cher,2039,5.8702307
Cher,2040,7.2881365
Cher,2041,6.591978
Cher,2042,6.570818
Cher,2043,7.0101376
Cher,2044,7.2959995
Cher,2045,7.9921227
Cher,2046,6.0356026
Cher,2047,6.1786423
Cher,2048,5.8681726
Cher,2049,6.3365984
Cher,2050,7.524975
Correze,2015,7.1253138
Correze,2016,5.458893
Correze,2017,5.423688
Correze,2018,5.9973383
Correze,2019,5.604334
Correze,2020,6.0769987
Correze,2021,6.633017
Correze,2022,5.3426642
Correze,2023,5.871151
Correze,2024,5.8507977
Correze,2025,5.7445903
Correze,2026,6.8757305
Correze,2027,6.5019655
Correze,2028,5.9467397
Correze,2029,6.0983963
Correze,2030,6.014649
Correze,2031,5.6573725
Correze,2032,7.277751
Correze,2033,6.5102873
Correze,2034,6.302616
Correze,2035,5.680641
Correze,2036,6.0383916
Correze,2037,6.3110876
Correze,2038,6.577696
Correze,2039,6.3157673
Correze,2040,6.9451046
Correze,2041,6.5968833
Correze,2042,6.6508384
Correze,2043,6.3151345
Correze,2044,6.7668777
Correze,2045,6.907914
Correze,2046,6.800627
Correze,2047,5.7860994
Correze,2048,6.353172
Correze,2049,7.1678753
Correze,2050,6.8929048
Cote_d_Or,2015,6.498834
Cote_d_Or,2016,6.605072
Cote_d_Or,2017,6.218742
Cote_d_Or,2018,6.474142
Cote_d_Or,2019,6.335365
Cote_d_Or,2020,5.976375
Cote_d_Or,2021,6.2478266
Cote_d_Or,2022,6.128896
Cote_d_Or,2023,6.40994
Cote_d_Or,2024,6.3504286
Cote_d_Or,2025,6.1039386
Cote_d_Or,2026,5.2484922
Cote_d_Or,2027,5.98061
Cote_d_Or,2028,6.702458
Cote_d_Or,2029,6.1615376
Cote_d_Or,2030,6.262231
Cote_d_Or,2031,5.584039
Cote_d_Or,2032,7.050316
Cote_d_Or,2033,5.8524866
Cote_d_Or,2034,6.2547703
Cote_d_Or,2035,5.817225
Cote_d_Or,2036,5.9795475
Cote_d_Or,2037,6.3397098
Cote_d_Or,2038,6.182212
Cote_d_Or,2039,5.7246666
Cote_d_Or,2040,6.7802424
Cote_d_Or,2041,6.292254
Cote_d_Or,2042,6.740218
Cote_d_Or,2043,6.2815714
Cote_d_Or,2044,7.7784696
Cote_d_Or,2045,7.1489162
Cote_d_Or,2046,5.8741307
Cote_d_Or,2047,6.111904
Cote_d_Or,2048,5.927951
Cote_d_Or,2049,6.5925946
Cote_d_Or,2050,6.464404
Cotes_d_Armor,2015,6.8152523
Cotes_d_Armor,2016,7.258932
Cotes_d_Armor,2017,6.4543657
Cotes_d_Armor,2018,7.752329
Cotes_d_Armor,2019,7.126909
Cotes_d_Armor,2020,5.728913
Cotes_d_Armor,2021,7.327158
Cotes_d_Armor,2022,5.217531
Cotes_d_Armor,2023,6.0255585
Cotes_d_Armor,2024,7.339262
Cotes_d_Armor,2025,8.238874
Cotes_d_Armor,2026,7.0560684
Cotes_d_Armor,2027,5.986613
Cotes_d_Armor,2028,5.1380844
Cotes_d_Armor,2029,7.566654
Cotes_d_Armor,2030,6.029782
Cotes_d_Armor,2031,5.5769987
Cotes_d_Armor,2032,7.526039
Cotes_d_Armor,2033,7.206913
Cotes_d_Armor,2034,5.199884
Cotes_d_Armor,2035,6.4029098
Cotes_d_Armor,2036,6.172761
Cotes_d_Armor,2037,5.634141
Cotes_d_Armor,2038,5.9548736
Cotes_d_Armor,2039,7.334091
Cotes_d_Armor,2040,7.223319
Cotes_d_Armor,2041,4.853647
Cotes_d_Armor,2042,5.9194875
Cotes_d_Armor,2043,7.4580717
Cotes_d_Armor,2044,7.536333
Cotes_d_Armor,2045,6.0003166
Cotes_d_Armor,2046,6.928551
Cotes_d_Armor,2047,5.1907663
Cotes_d_Armor,2048,5.7020316
Cotes_d_Armor,2049,7.316185
Cotes_d_Armor,2050,6.295637
Creuse,2015,6.498741
Creuse,2016,5.5359945
Creuse,2017,5.6368546
Creuse,2018,6.257349
Creuse,2019,5.8908954
Creuse,2020,6.0203443
Creuse,2021,5.1844487
Creuse,2022,5.4061003
Creuse,2023,5.336598
Creuse,2024,6.1149898
Creuse,2025,5.331332
Creuse,2026,6.4197884
Creuse,2027,6.2984324
Creuse,2028,6.3939133
Creuse,2029,6.031382
Creuse,2030,6.0793204
Creuse,2031,5.598947
Creuse,2032,7.405202
Creuse,2033,6.727362
Creuse,2034,6.050606
Creuse,2035,5.4321046
Creuse,2036,5.3552327
Creuse,2037,5.9343767
Creuse,2038,6.187299
Creuse,2039,6.097936
Creuse,2040,6.6433926
Creuse,2041,6.0735564
Creuse,2042,6.0447135
Creuse,2043,6.1813307
Creuse,2044,7.468737
Creuse,2045,6.7006726
Creuse,2046,6.3201375
Creuse,2047,5.2718806
Creuse,2048,6.1511636
Creuse,2049,7.056576
Creuse,2050,6.7878675
Deux_Sevres,2015,4.7894506
Deux_Sevres,2016,4.843366
Deux_Sevres,2017,4.547025
Deux_Sevres,2018,4.8506603
Deux_Sevres,2019,5.177129
Deux_Sevres,2020,4.989392
Deux_Sevres,2021,4.844833
Deux_Sevres,2022,5.319528
Deux_Sevres,2023,5.2750683
Deux_Sevres,2024,4.337988
Deux_Sevres,2025,4.8566856
Deux_Sevres,2026,5.0512557
Deux_Sevres,2027,5.2106233
Deux_Sevres,2028,4.797056
Deux_Sevres,2029,4.621933
Deux_Sevres,2030,4.791511
Deux_Sevres,2031,4.5959277
Deux_Sevres,2032,4.8086214
Deux_Sevres,2033,5.189141
Deux_Sevres,2034,5.1144004
Deux_Sevres,2035,3.8917942
Deux_Sevres,2036,5.238284
Deux_Sevres,2037,4.931869
Deux_Sevres,2038,5.189405
Deux_Sevres,2039,4.416255
Deux_Sevres,2040,4.8054066
Deux_Sevres,2041,3.985127
Deux_Sevres,2042,4.8648934
Deux_Sevres,2043,4.7914386
Deux_Sevres,2044,5.16679
Deux_Sevres,2045,4.7711535
Deux_Sevres,2046,4.627166
Deux_Sevres,2047,4.3234377
Deux_Sevres,2048,4.854192
Deux_Sevres,2049,4.8059077
Deux_Sevres,2050,4.745478
Dordogne,2015,5.6690636
Dordogne,2016,4.8781695
Dordogne,2017,5.9062047
Dordogne,2018,4.4324102
Dordogne,2019,4.415504
Dordogne,2020,5.028339
Dordogne,2021,6.2698693
Dordogne,2022,6.5911655
Dordogne,2023,6.5369387
Dordogne,2024,4.9481516
Dordogne,2025,6.133791
Dordogne,2026,3.6386857
Dordogne,2027,4.3701396
Dordogne,2028,6.3207397
Dordogne,2029,6.112461
Dordogne,2030,6.347886
Dordogne,2031,5.9785843
Dordogne,2032,5.3519235
Dordogne,2033,4.674247
Dordogne,2034,5.2213655
Dordogne,2035,4.809986
Dordogne,2036,3.9371624
Dordogne,2037,4.5547686
Dordogne,2038,6.342467
Dordogne,2039,4.022005
Dordogne,2040,5.719042
Dordogne,2041,4.64714
Dordogne,2042,5.2097154
Dordogne,2043,5.843972
Dordogne,2044,5.5325837
Dordogne,2045,6.053432
Dordogne,2046,5.466734
Dordogne,2047,4.501897
Dordogne,2048,4.505557
Dordogne,2049,4.577381
Dordogne,2050,5.381789
Doubs,2015,5.9083304
Doubs,2016,5.570243
Doubs,2017,5.0577946
Doubs,2018,5.9430304
Doubs,2019,6.234947
Doubs,2020,5.675994
Doubs,2021,5.539006
Doubs,2022,5.2161264
Doubs,2023,5.4487557
Doubs,2024,6.261247
Doubs,2025,5.2413177
Doubs,2026,5.297228
Doubs,2027,5.61181
Doubs,2028,5.33889
Doubs,2029,5.1969204
Doubs,2030,5.4755254
Doubs,2031,5.151194
Doubs,2032,5.739085
Doubs,2033,4.9563317
Doubs,2034,5.248118
Doubs,2035,5.383939
Doubs,2036,5.791922
Doubs,2037,5.169289
Doubs,2038,5.0493464
Doubs,2039,5.2143974
Doubs,2040,6.0461264
Doubs,2041,6.012494
Doubs,2042,5.9027724
Doubs,2043,5.4159765
Doubs,2044,6.2855887
Doubs,2045,5.9342213
Doubs,2046,4.80754
Doubs,2047,5.4454904
Doubs,2048,5.810035
Doubs,2049,5.870197
Doubs,2050,5.8297133
Drome,2015,6.234727
Drome,2016,5.9814377
Drome,2017,5.399494
Drome,2018,5.8327413
Drome,2019,5.788403
Drome,2020,5.9393888
Drome,2021,5.7130303
Drome,2022,5.889461
Drome,2023,5.613036
Drome,2024,5.861682
Drome,2025,5.851343
Drome,2026,5.6356416
Drome,2027,5.874959
Drome,2028,5.8078313
Drome,2029,6.1897173
Drome,2030,5.9618664
Drome,2031,5.554692
Drome,2032,6.011329
Drome,2033,5.78973
Drome,2034,6.494606
Drome,2035,5.3727937
Drome,2036,5.9038644
Drome,2037,5.923723
Drome,2038,6.831779
Drome,2039,6.0875063
Drome,2040,7.101029
Drome,2041,5.6291366
Drome,2042,5.8702474
Drome,2043,6.096086
Drome,2044,6.3226256
Drome,2045,6.5715523
Drome,2046,5.707148
Drome,2047,5.7758203
Drome,2048,5.8428693
Drome,2049,6.8287296
Drome,2050,6.28771
Essonne,2015,4.743069
Essonne,2016,5.607383
Essonne,2017,5.184742
Essonne,2018,5.671798
Essonne,2019,5.607377
Essonne,2020,4.046741
Essonne,2021,6.3161798
Essonne,2022,5.4866414
Essonne,2023,5.9430914
Essonne,2024,5.143611
Essonne,2025,6.105513
Essonne,2026,5.0074735
Essonne,2027,4.739391
Essonne,2028,5.336647
Essonne,2029,4.2156725
Essonne,2030,4.3187304
Essonne,2031,5.3712225
Essonne,2032,4.5280585
Essonne,2033,3.737195
Essonne,2034,4.1223254
Essonne,2035,4.0424557
Essonne,2036,5.50588
Essonne,2037,5.7409735
Essonne,2038,5.6194997
Essonne,2039,3.951932
Essonne,2040,4.9208803
Essonne,2041,4.604554
Essonne,2042,4.8983784
Essonne,2043,4.064599
Essonne,2044,5.0765924
Essonne,2045,4.7512836
Essonne,2046,4.3678565
Essonne,2047,5.821361
Essonne,2048,4.727894
Essonne,2049,4.8302503
Essonne,2050,4.15495
Eure,2015,4.935234
Eure,2016,6.0515385
Eure,2017,5.8642983
Eure,2018,5.959047
Eure,2019,6.109704
Eure,2020,5.853732
Eure,2021,6.469108
Eure,2022,5.974553
Eure,2023,6.514516
Eure,2024,6.252426
Eure,2025,6.1380763
Eure,2026,5.9588904
Eure,2027,5.7444606
Eure,2028,6.181735
Eure,2029,4.6900063
Eure,2030,5.716321
Eure,2031,6.176665
Eure,2032,5.2102013
Eure,2033,5.916236
Eure,2034,5.584923
Eure,2035,4.410584
Eure,2036,5.8167534
Eure,2037,6.405662
Eure,2038,5.772455
Eure,2039,4.865557
Eure,2040,5.1514034
Eure,2041,5.547877
Eure,2042,5.9854007
Eure,2043,6.167693
Eure,2044,6.4060574
Eure,2045,5.88595
Eure,2046,4.610205
Eure,2047,4.430322
Eure,2048,5.4874897
Eure,2049,6.4841995
Eure,2050,5.721121
Eure_et_Loir,2015,7.411783
Eure_et_Loir,2016,6.8954124
Eure_et_Loir,2017,7.1358294
Eure_et_Loir,2018,6.7861238
Eure_et_Loir,2019,7.01128
Eure_et_Loir,2020,7.141324
Eure_et_Loir,2021,7.5786266
Eure_et_Loir,2022,7.195779
Eure_et_Loir,2023,7.172374
Eure_et_Loir,2024,7.6110406
Eure_et_Loir,2025,7.3103247
Eure_et_Loir,2026,6.0910254
Eure_et_Loir,2027,7.2009525
Eure_et_Loir,2028,7.939979
Eure_et_Loir,2029,6.8593664
Eure_et_Loir,2030,8.031931
Eure_et_Loir,2031,6.8439665
Eure_et_Loir,2032,7.5507345
Eure_et_Loir,2033,6.4769173
Eure_et_Loir,2034,6.97583
Eure_et_Loir,2035,5.375598
Eure_et_Loir,2036,6.7504725
Eure_et_Loir,2037,6.9715834
Eure_et_Loir,2038,7.263686
Eure_et_Loir,2039,6.4160776
Eure_et_Loir,2040,7.8885612
Eure_et_Loir,2041,6.6221642
Eure_et_Loir,2042,7.4618397
Eure_et_Loir,2043,7.273586
Eure_et_Loir,2044,7.998043
Eure_et_Loir,2045,7.836586
Eure_et_Loir,2046,6.6040263
Eure_et_Loir,2047,6.3997736
Eure_et_Loir,2048,6.719898
Eure_et_Loir,2049,8.028769
Eure_et_Loir,2050,7.5734262
Finistere,2015,6.764661
Finistere,2016,6.807328
Finistere,2017,5.499976
Finistere,2018,7.5788107
Finistere,2019,7.3928375
Finistere,2020,7.3245583
Finistere,2021,7.0234203
Finistere,2022,6.779297
Finistere,2023,6.7624683
Finistere,2024,7.6001143
Finistere,2025,7.0129066
Finistere,2026,6.79469
Finistere,2027,7.157046
Finistere,2028,6.3392205
Finistere,2029,7.435279
Finistere,2030,6.1508007
Finistere,2031,5.3729377
Finistere,2032,7.143813
Finistere,2033,7.3104925
Finistere,2034,5.761653
Finistere,2035,6.125485
Finistere,2036,7.0424204
Finistere,2037,7.5275326
Finistere,2038,7.018641
Finistere,2039,6.796019
Finistere,2040,7.5136557
Finistere,2041,5.269337
Finistere,2042,7.099859
Finistere,2043,7.1741867
Finistere,2044,7.2785625
Finistere,2045,6.3648515
Finistere,2046,6.9574957
Finistere,2047,6.99119
Finistere,2048,5.759408
Finistere,2049,7.128098
Finistere,2050,6.364682
Gard,2015,5.68192
Gard,2016,5.244498
Gard,2017,6.7073193
Gard,2018,5.122927
Gard,2019,4.986615
Gard,2020,4.394154
Gard,2021,5.603175
Gard,2022,5.613685
Gard,2023,6.4099083
Gard,2024,5.0914116
Gard,2025,5.994461
Gard,2026,5.168949
Gard,2027,4.1116524
Gard,2028,6.3890996
Gard,2029,5.861788
Gard,2030,6.467447
Gard,2031,5.071455
Gard,2032,5.82359
Gard,2033,4.748915
Gard,2034,5.4359055
Gard,2035,3.913699
Gard,2036,5.0738893
Gard,2037,4.402444
Gard,2038,6.6809382
Gard,2039,4.1904316
Gard,2040,5.7878933
Gard,2041,3.8409429
Gard,2042,5.47474
Gard,2043,5.279027
Gard,2044,5.2103076
Gard,2045,6.2082577
Gard,2046,5.3631425
Gard,2047,5.2763686
Gard,2048,4.3745203
Gard,2049,4.2436786
Gard,2050,5.0951824
Gers,2015,5.1418624
Gers,2016,4.020655
Gers,2017,5.5922046
Gers,2018,4.8562717
Gers,2019,4.655705
Gers,2020,4.1498213
Gers,2021,5.132535
Gers,2022,6.271124
Gers,2023,5.28714
Gers,2024,4.9387164
Gers,2025,5.045586
Gers,2026,4.4421144
Gers,2027,4.2724953
Gers,2028,5.8004303
Gers,2029,6.173934
Gers,2030,5.6503167
Gers,2031,5.5765104
Gers,2032,5.5584044
Gers,2033,4.8399143
Gers,2034,5.11435
Gers,2035,4.5097256
Gers,2036,4.6149216
Gers,2037,4.2150316
Gers,2038,4.392671
Gers,2039,4.44428
Gers,2040,4.9965143
Gers,2041,4.3149433
Gers,2042,4.7109466
Gers,2043,4.9800024
Gers,2044,5.402518
Gers,2045,5.538175
Gers,2046,4.779987
Gers,2047,4.409279
Gers,2048,4.471337
Gers,2049,4.242658
Gers,2050,4.9265447
Gironde,2015,4.759982
Gironde,2016,5.214581
Gironde,2017,5.032139
Gironde,2018,4.7016006
Gironde,2019,5.0861015
Gironde,2020,3.8090231
Gironde,2021,4.5852156
Gironde,2022,5.884787
Gironde,2023,5.392833
Gironde,2024,4.769935
Gironde,2025,4.917448
Gironde,2026,4.350816
Gironde,2027,4.3160176
Gironde,2028,5.2549734
Gironde,2029,5.378886
Gironde,2030,5.0655785
Gironde,2031,5.224936
Gironde,2032,5.203068
Gironde,2033,4.2085505
Gironde,2034,4.889369
Gironde,2035,4.1347256
Gironde,2036,4.226847
Gironde,2037,4.7701793
Gironde,2038,5.0049243
Gironde,2039,4.4869843
Gironde,2040,4.419436
Gironde,2041,4.430505
Gironde,2042,4.861422
Gironde,2043,4.3487177
Gironde,2044,4.607132
Gironde,2045,5.075026
Gironde,2046,4.908533
Gironde,2047,4.1202235
Gironde,2048,4.257805
Gironde,2049,4.3374796
Gironde,2050,4.849242
Haut_Rhin,2015,6.3945074
Haut_Rhin,2016,5.852345
Haut_Rhin,2017,5.9218726
Haut_Rhin,2018,5.8201513
Haut_Rhin,2019,6.215789
Haut_Rhin,2020,5.4242597
Haut_Rhin,2021,6.365726
Haut_Rhin,2022,6.6310935
Haut_Rhin,2023,6.196663
Haut_Rhin,2024,6.0757685
Haut_Rhin,2025,5.32967
Haut_Rhin,2026,4.7597585
Haut_Rhin,2027,6.026043
Haut_Rhin,2028,5.9194303
Haut_Rhin,2029,6.279057
Haut_Rhin,2030,5.5465755
Haut_Rhin,2031,5.5500145
Haut_Rhin,2032,6.154213
Haut_Rhin,2033,5.5179567
Haut_Rhin,2034,6.255545
Haut_Rhin,2035,5.65876
Haut_Rhin,2036,6.500779
Haut_Rhin,2037,5.410086
Haut_Rhin,2038,5.487821
Haut_Rhin,2039,5.2542443
Haut_Rhin,2040,6.7932053
Haut_Rhin,2041,5.5589786
Haut_Rhin,2042,6.565932
Haut_Rhin,2043,5.6177354
Haut_Rhin,2044,6.566812
Haut_Rhin,2045,5.931918
Haut_Rhin,2046,5.336999
Haut_Rhin,2047,6.602746
Haut_Rhin,2048,5.520111
Haut_Rhin,2049,6.217741
Haut_Rhin,2050,5.6890817
Haute_Garonne,2015,5.4941144
Haute_Garonne,2016,4.4529943
Haute_Garonne,2017,6.1378956
Haute_Garonne,2018,5.123562
Haute_Garonne,2019,5.253001
Haute_Garonne,2020,4.474091
Haute_Garonne,2021,5.9022207
Haute_Garonne,2022,6.716203
Haute_Garonne,2023,6.260257
Haute_Garonne,2024,4.7559204
Haute_Garonne,2025,4.775075
Haute_Garonne,2026,4.5008593
Haute_Garonne,2027,4.9045286
Haute_Garonne,2028,6.2614546
Haute_Garonne,2029,6.044543
Haute_Garonne,2030,6.8185196
Haute_Garonne,2031,5.8243546
Haute_Garonne,2032,5.485964
Haute_Garonne,2033,5.113199
Haute_Garonne,2034,5.05095
Haute_Garonne,2035,4.243499
Haute_Garonne,2036,4.594628
Haute_Garonne,2037,5.642102
Haute_Garonne,2038,5.9394293
Haute_Garonne,2039,4.3005915
Haute_Garonne,2040,5.648706
Haute_Garonne,2041,4.486516
Haute_Garonne,2042,5.3652463
Haute_Garonne,2043,6.10064
Haute_Garonne,2044,5.99506
Haute_Garonne,2045,5.978834
Haute_Garonne,2046,5.4334803
Haute_Garonne,2047,4.623408
Haute_Garonne,2048,3.8629184
Haute_Garonne,2049,4.3732905
Haute_Garonne,2050,5.3333945
Haute_Loire,2015,5.686084
Haute_Loire,2016,5.999417
Haute_Loire,2017,5.3589826
Haute_Loire,2018,5.602501
Haute_Loire,2019,4.9960027
Haute_Loire,2020,6.1714854
Haute_Loire,2021,5.4272842
Haute_Loire,2022,5.962451
Haute_Loire,2023,5.4898844
Haute_Loire,2024,5.797431
Haute_Loire,2025,5.5927916
Haute_Loire,2026,6.722541
Haute_Loire,2027,6.0679655
Haute_Loire,2028,5.2534456
Haute_Loire,2029,5.336308
Haute_Loire,2030,5.295934
Haute_Loire,2031,5.1459465
Haute_Loire,2032,5.6332326
Haute_Loire,2033,5.3677588
Haute_Loire,2034,5.402875
Haute_Loire,2035,6.100979
Haute_Loire,2036,5.939289
Haute_Loire,2037,5.103227
Haute_Loire,2038,5.0556026
Haute_Loire,2039,5.6380596
Haute_Loire,2040,6.0879254
Haute_Loire,2041,5.3914943
Haute_Loire,2042,5.9669676
Haute_Loire,2043,5.006706
Haute_Loire,2044,4.96748
Haute_Loire,2045,5.4821405
Haute_Loire,2046,5.341355
Haute_Loire,2047,5.2821417
Haute_Loire,2048,6.080517
Haute_Loire,2049,5.2999735
Haute_Loire,2050,4.9853826
Haute_Marne,2015,5.5803156
Haute_Marne,2016,6.0685043
Haute_Marne,2017,5.5645432
Haute_Marne,2018,5.886889
Haute_Marne,2019,6.138281
Haute_Marne,2020,6.16921
Haute_Marne,2021,5.882517
Haute_Marne,2022,6.384262
Haute_Marne,2023,6.1225543
Haute_Marne,2024,6.13247
Haute_Marne,2025,6.184381
Haute_Marne,2026,5.01752
Haute_Marne,2027,5.5646906
Haute_Marne,2028,5.9184804
Haute_Marne,2029,5.848908
Haute_Marne,2030,5.8024325
Haute_Marne,2031,5.164839
Haute_Marne,2032,6.360687
Haute_Marne,2033,5.014865
Haute_Marne,2034,5.7789764
Haute_Marne,2035,5.1384525
Haute_Marne,2036,5.0823493
Haute_Marne,2037,5.832998
Haute_Marne,2038,5.784673
Haute_Marne,2039,5.122639
Haute_Marne,2040,6.1937284
Haute_Marne,2041,5.8192444
Haute_Marne,2042,5.8851457
Haute_Marne,2043,5.8390846
Haute_Marne,2044,6.6574345
Haute_Marne,2045,6.409639
Haute_Marne,2046,5.1536245
Haute_Marne,2047,5.806236
Haute_Marne,2048,5.942891
Haute_Marne,2049,5.9165163
Haute_Marne,2050,5.6794825
Haute_Saone,2015,6.4844556
Haute_Saone,2016,6.3152537
Haute_Saone,2017,5.6748476
Haute_Saone,2018,4.928495
Haute_Saone,2019,6.2217035
Haute_Saone,2020,5.5126557
Haute_Saone,2021,5.705848
Haute_Saone,2022,5.8742623
Haute_Saone,2023,6.348849
Haute_Saone,2024,6.39989
Haute_Saone,2025,5.9991465
Haute_Saone,2026,4.6432686
Haute_Saone,2027,4.835235
Haute_Saone,2028,6.3808417
Haute_Saone,2029,5.913632
Haute_Saone,2030,5.9751306
Haute_Saone,2031,6.1170554
Haute_Saone,2032,6.4749537
Haute_Saone,2033,4.667026
Haute_Saone,2034,6.321442
Haute_Saone,2035,5.517215
Haute_Saone,2036,6.0808706
Haute_Saone,2037,5.898729
Haute_Saone,2038,5.6150794
Haute_Saone,2039,5.4096665
Haute_Saone,2040,6.5460277
Haute_Saone,2041,5.567517
Haute_Saone,2042,6.198987
Haute_Saone,2043,5.6854606
Haute_Saone,2044,6.2968526
Haute_Saone,2045,7.2213173
Haute_Saone,2046,5.439642
Haute_Saone,2047,6.190765
Haute_Saone,2048,5.7494802
Haute_Saone,2049,5.6941137
Haute_Saone,2050,5.965866
Haute_Savoie,2015,5.2041655
Haute_Savoie,2016,5.820393
Haute_Savoie,2017,5.026484
Haute_Savoie,2018,5.1854534
Haute_Savoie,2019,5.8564343
Haute_Savoie,2020,6.170278
Haute_Savoie,2021,5.754124
Haute_Savoie,2022,5.2724643
Haute_Savoie,2023,4.921464
Haute_Savoie,2024,5.8661785
Haute_Savoie,2025,5.6229677
Haute_Savoie,2026,6.4638577
Haute_Savoie,2027,5.928315
Haute_Savoie,2028,4.916448
Haute_Savoie,2029,5.5396233
Haute_Savoie,2030,6.107232
Haute_Savoie,2031,4.915868
Haute_Savoie,2032,4.8470984
Haute_Savoie,2033,6.1660023
Haute_Savoie,2034,5.722702
Haute_Savoie,2035,5.570833
Haute_Savoie,2036,5.905841
Haute_Savoie,2037,5.291769
Haute_Savoie,2038,5.1164827
Haute_Savoie,2039,5.7599993
Haute_Savoie,2040,5.987335
Haute_Savoie,2041,5.3971496
Haute_Savoie,2042,6.010439
Haute_Savoie,2043,5.7083383
Haute_Savoie,2044,6.0437336
Haute_Savoie,2045,5.7965384
Haute_Savoie,2046,4.6435575
Haute_Savoie,2047,5.926863
Haute_Savoie,2048,5.2719545
Haute_Savoie,2049,5.7053323
Haute_Savoie,2050,5.479342
Haute_Vienne,2015,6.7132516
Haute_Vienne,2016,5.0255294
Haute_Vienne,2017,5.705801
Haute_Vienne,2018,6.176185
Haute_Vienne,2019,5.950425
Haute_Vienne,2020,5.849898
Haute_Vienne,2021,5.744107
Haute_Vienne,2022,5.7721477
Haute_Vienne,2023,5.418754
Haute_Vienne,2024,5.904444
Haute_Vienne,2025,6.0654383
Haute_Vienne,2026,4.699656
Haute_Vienne,2027,6.170209
Haute_Vienne,2028,6.523919
Haute_Vienne,2029,6.4240675
Haute_Vienne,2030,6.161809
Haute_Vienne,2031,5.528677
Haute_Vienne,2032,6.9472857
Haute_Vienne,2033,6.1078396
Haute_Vienne,2034,5.8865266
Haute_Vienne,2035,3.8853064
Haute_Vienne,2036,5.4166584
Haute_Vienne,2037,5.9938135
Haute_Vienne,2038,6.7129583
Haute_Vienne,2039,5.2837386
Haute_Vienne,2040,7.1583996
Haute_Vienne,2041,5.594385
Haute_Vienne,2042,5.941029
Haute_Vienne,2043,6.3607063
Haute_Vienne,2044,6.962927
Haute_Vienne,2045,6.8872213
Haute_Vienne,2046,6.2654805
Haute_Vienne,2047,5.4437227
Haute_Vienne,2048,5.2672977
Haute_Vienne,2049,6.584198
Haute_Vienne,2050,6.8942695
Hautes_Alpes,2015,5.821312
Hautes_Alpes,2016,4.174026
Hautes_Alpes,2017,4.724779
Hautes_Alpes,2018,4.6925406
Hautes_Alpes,2019,4.494776
Hautes_Alpes,2020,4.483884
Hautes_Alpes,2021,4.531205
Hautes_Alpes,2022,4.3758864
Hautes_Alpes,2023,4.12619
Hautes_Alpes,2024,5.3794193
Hautes_Alpes,2025,5.105073
Hautes_Alpes,2026,4.9944687
Hautes_Alpes,2027,5.3507156
Hautes_Alpes,2028,4.718594
Hautes_Alpes,2029,4.4754357
Hautes_Alpes,2030,5.0688334
Hautes_Alpes,2031,5.3240294
Hautes_Alpes,2032,5.0361934
Hautes_Alpes,2033,5.124544
Hautes_Alpes,2034,4.910128
Hautes_Alpes,2035,5.3232555
Hautes_Alpes,2036,4.7014213
Hautes_Alpes,2037,5.2671623
Hautes_Alpes,2038,5.227989
Hautes_Alpes,2039,5.8440256
Hautes_Alpes,2040,5.326769
Hautes_Alpes,2041,5.419743
Hautes_Alpes,2042,4.993881
Hautes_Alpes,2043,4.098177
Hautes_Alpes,2044,4.787369
Hautes_Alpes,2045,5.4994683
Hautes_Alpes,2046,5.2263284
Hautes_Alpes,2047,5.0859733
Hautes_Alpes,2048,4.739184
Hautes_Alpes,2049,5.1088767
Hautes_Alpes,2050,5.1137786
Hautes_pyrenees,2015,5.8464212
Hautes_pyrenees,2016,5.9550886
Hautes_pyrenees,2017,5.4699893
Hautes_pyrenees,2018,6.1067724
Hautes_pyrenees,2019,5.601182
Hautes_pyrenees,2020,6.562196
Hautes_pyrenees,2021,5.463395
Hautes_pyrenees,2022,5.640636
Hautes_pyrenees,2023,5.483218
Hautes_pyrenees,2024,5.4370327
Hautes_pyrenees,2025,5.536195
Hautes_pyrenees,2026,6.296308
Hautes_pyrenees,2027,5.5195374
Hautes_pyrenees,2028,5.382344
Hautes_pyrenees,2029,4.5667
Hautes_pyrenees,2030,5.3367825
Hautes_pyrenees,2031,5.6809855
Hautes_pyrenees,2032,6.3631124
Hautes_pyrenees,2033,5.4718347
Hautes_pyrenees,2034,5.1551223
Hautes_pyrenees,2035,5.902594
Hautes_pyrenees,2036,5.67712
Hautes_pyrenees,2037,5.6875544
Hautes_pyrenees,2038,6.21268
Hautes_pyrenees,2039,6.0562053
Hautes_pyrenees,2040,6.4252586
Hautes_pyrenees,2041,5.4071445
Hautes_pyrenees,2042,6.5346665
Hautes_pyrenees,2043,5.4951534
Hautes_pyrenees,2044,6.116484
Hautes_pyrenees,2045,6.0238037
Hautes_pyrenees,2046,5.0144315
Hautes_pyrenees,2047,5.685223
Hautes_pyrenees,2048,5.185375
Hautes_pyrenees,2049,6.1970434
Hautes_pyrenees,2050,6.2761827
Herault,2015,5.828424
Herault,2016,4.137678
Herault,2017,5.1540465
Herault,2018,4.526775
Herault,2019,5.622409
Herault,2020,4.5989513
Herault,2021,6.044013
Herault,2022,6.2248263
Herault,2023,6.2696304
Herault,2024,4.017634
Herault,2025,5.698164
Herault,2026,5.0640264
Herault,2027,4.742333
Herault,2028,4.9884267
Herault,2029,5.533457
Herault,2030,5.8195524
Herault,2031,5.9676495
Herault,2032,5.429019
Herault,2033,5.2189507
Herault,2034,4.696031
Herault,2035,4.260668
Herault,2036,4.462464
Herault,2037,5.226206
Herault,2038,4.8976955
Herault,2039,4.5530124
Herault,2040,4.9500604
Herault,2041,4.952039
Herault,2042,4.1810956
Herault,2043,4.786473
Herault,2044,4.02801
Herault,2045,5.160805
Herault,2046,4.0954447
Herault,2047,3.9857059
Herault,2048,4.067485
Herault,2049,4.6298227
Herault,2050,5.0731397
Ille_et_Vilaine,2015,7.261019
Ille_et_Vilaine,2016,6.9046097
Ille_et_Vilaine,2017,6.9203625
Ille_et_Vilaine,2018,6.8636737
Ille_et_Vilaine,2019,6.0272675
Ille_et_Vilaine,2020,6.533186
Ille_et_Vilaine,2021,7.3442607
Ille_et_Vilaine,2022,6.530331
Ille_et_Vilaine,2023,7.439828
Ille_et_Vilaine,2024,6.936569
Ille_et_Vilaine,2025,7.296131
Ille_et_Vilaine,2026,6.0010023
Ille_et_Vilaine,2027,6.8436456
Ille_et_Vilaine,2028,7.2696114
Ille_et_Vilaine,2029,7.5284367
Ille_et_Vilaine,2030,7.441061
Ille_et_Vilaine,2031,7.1134186
Ille_et_Vilaine,2032,7.148205
Ille_et_Vilaine,2033,5.688076
Ille_et_Vilaine,2034,5.734421
Ille_et_Vilaine,2035,4.485602
Ille_et_Vilaine,2036,4.8754315
Ille_et_Vilaine,2037,6.307155
Ille_et_Vilaine,2038,7.2727156
Ille_et_Vilaine,2039,5.9388485
Ille_et_Vilaine,2040,7.3453794
Ille_et_Vilaine,2041,3.921257
Ille_et_Vilaine,2042,7.02711
Ille_et_Vilaine,2043,6.845811
Ille_et_Vilaine,2044,7.353444
Ille_et_Vilaine,2045,7.5369496
Ille_et_Vilaine,2046,6.1505227
Ille_et_Vilaine,2047,6.0796614
Ille_et_Vilaine,2048,5.774649
Ille_et_Vilaine,2049,7.0489206
Ille_et_Vilaine,2050,7.2215366
Indre,2015,6.672993
Indre,2016,5.7209272
Indre,2017,6.2779016
Indre,2018,5.5814223
Indre,2019,5.272855
Indre,2020,5.813418
Indre,2021,6.3999057
Indre,2022,7.129578
Indre,2023,7.3340797
Indre,2024,5.6145477
Indre,2025,6.463572
Indre,2026,5.5732803
Indre,2027,5.786246
Indre,2028,7.1350546
Indre,2029,5.9545255
Indre,2030,7.372159
Indre,2031,6.59324
Indre,2032,6.1346474
Indre,2033,5.2558894
Indre,2034,5.6111836
Indre,2035,4.9212255
Indre,2036,5.1559467
Indre,2037,5.5811133
Indre,2038,7.2759256
Indre,2039,4.985151
Indre,2040,7.052165
Indre,2041,4.897894
Indre,2042,7.0346203
Indre,2043,6.918313
Indre,2044,6.505589
Indre,2045,6.984215
Indre,2046,6.327405
Indre,2047,5.4053574
Indre,2048,4.7321877
Indre,2049,6.0135627
Indre,2050,6.8996897
Indre_et_Loire,2015,6.405497
Indre_et_Loire,2016,6.429129
Indre_et_Loire,2017,6.7372465
Indre_et_Loire,2018,6.4096947
Indre_et_Loire,2019,6.2123737
Indre_et_Loire,2020,5.319741
Indre_et_Loire,2021,7.608489
Indre_et_Loire,2022,7.719393
Indre_et_Loire,2023,7.4555097
Indre_et_Loire,2024,6.1716037
Indre_et_Loire,2025,7.163883
Indre_et_Loire,2026,6.546853
Indre_et_Loire,2027,5.9953938
Indre_et_Loire,2028,7.543871
Indre_et_Loire,2029,5.5005364
Indre_et_Loire,2030,7.5699873
Indre_et_Loire,2031,7.0055923
Indre_et_Loire,2032,7.175661
Indre_et_Loire,2033,5.4392796
Indre_et_Loire,2034,6.3700914
Indre_et_Loire,2035,5.5334544
Indre_et_Loire,2036,6.1307964
Indre_et_Loire,2037,5.647158
Indre_et_Loire,2038,7.6795235
Indre_et_Loire,2039,4.804396
Indre_et_Loire,2040,7.162641
Indre_et_Loire,2041,5.601567
Indre_et_Loire,2042,6.7148304
Indre_et_Loire,2043,6.94459
Indre_et_Loire,2044,6.463532
Indre_et_Loire,2045,7.7540836
Indre_et_Loire,2046,7.0523224
Indre_et_Loire,2047,6.36129
Indre_et_Loire,2048,5.1627884
Indre_et_Loire,2049,6.1524854
Indre_et_Loire,2050,7.585605
Isere,2015,5.8395834
Isere,2016,6.581919
Isere,2017,5.8127723
Isere,2018,5.882018
Isere,2019,6.402921
Isere,2020,6.571537
Isere,2021,5.325134
Isere,2022,6.5415707
Isere,2023,5.3439956
Isere,2024,5.943171
Isere,2025,5.649862
Isere,2026,6.4569545
Isere,2027,5.6316733
Isere,2028,5.112105
Isere,2029,5.262503
Isere,2030,5.982576
Isere,2031,5.3317924
Isere,2032,5.4368644
Isere,2033,5.539521
Isere,2034,5.9662313
Isere,2035,5.401162
Isere,2036,6.393842
Isere,2037,5.331873
Isere,2038,5.391123
Isere,2039,5.868517
Isere,2040,6.3927374
Isere,2041,5.5580893
Isere,2042,6.4093213
Isere,2043,5.7731533
Isere,2044,4.8949704
Isere,2045,5.9272637
Isere,2046,4.4154177
Isere,2047,6.1896763
Isere,2048,5.0729227
Isere,2049,5.083574
Isere,2050,5.6653347
Jura,2015,6.639937
Jura,2016,6.5328135
Jura,2017,5.3522143
Jura,2018,6.5509005
Jura,2019,6.744012
Jura,2020,6.0836143
Jura,2021,6.06633
Jura,2022,6.4557204
Jura,2023,6.469622
Jura,2024,6.4476132
Jura,2025,5.4223914
Jura,2026,5.5204124
Jura,2027,6.251528
Jura,2028,6.319378
Jura,2029,6.0632153
Jura,2030,6.1909795
Jura,2031,6.4850116
Jura,2032,6.8477225
Jura,2033,5.8268085
Jura,2034,6.36283
Jura,2035,5.7745595
Jura,2036,5.5329533
Jura,2037,6.112094
Jura,2038,6.618125
Jura,2039,5.5253153
Jura,2040,6.6303396
Jura,2041,6.3528957
Jura,2042,6.507806
Jura,2043,6.1739683
Jura,2044,6.7865257
Jura,2045,7.1543236
Jura,2046,6.3626313
Jura,2047,6.094499
Jura,2048,5.9035025
Jura,2049,6.6532164
Jura,2050,6.8029256
Landes,2015,5.01148
Landes,2016,4.97604
Landes,2017,5.8899794
Landes,2018,4.842773
Landes,2019,4.7908735
Landes,2020,3.8837342
Landes,2021,5.4268856
Landes,2022,6.61034
Landes,2023,5.2090387
Landes,2024,5.0351553
Landes,2025,5.0704794
Landes,2026,4.5352783
Landes,2027,4.3893075
Landes,2028,5.3621035
Landes,2029,6.060194
Landes,2030,5.1550503
Landes,2031,5.1739473
Landes,2032,5.9403906
Landes,2033,4.4403243
Landes,2034,4.736183
Landes,2035,4.8534923
Landes,2036,4.624058
Landes,2037,4.9628787
Landes,2038,4.975602
Landes,2039,4.8460226
Landes,2040,5.411607
Landes,2041,4.45419
Landes,2042,5.4016075
Landes,2043,4.4680905
Landes,2044,5.366971
Landes,2045,4.928015
Landes,2046,4.7264776
Landes,2047,4.661149
Landes,2048,4.40205
Landes,2049,4.3554893
Landes,2050,5.1180396
Loir_et_Cher,2015,6.603183
Loir_et_Cher,2016,6.2250657
Loir_et_Cher,2017,6.54946
Loir_et_Cher,2018,5.9203715
Loir_et_Cher,2019,5.4959264
Loir_et_Cher,2020,6.6998158
Loir_et_Cher,2021,7.286451
Loir_et_Cher,2022,7.007392
Loir_et_Cher,2023,6.592269
Loir_et_Cher,2024,6.452451
Loir_et_Cher,2025,6.723239
Loir_et_Cher,2026,5.3209467
Loir_et_Cher,2027,5.6330733
Loir_et_Cher,2028,7.0375385
Loir_et_Cher,2029,5.855526
Loir_et_Cher,2030,7.482512
Loir_et_Cher,2031,6.8657727
Loir_et_Cher,2032,6.7924294
Loir_et_Cher,2033,5.0450077
Loir_et_Cher,2034,6.0597773
Loir_et_Cher,2035,5.4251785
Loir_et_Cher,2036,5.6194296
Loir_et_Cher,2037,5.9286604
Loir_et_Cher,2038,7.4114137
Loir_et_Cher,2039,5.446926
Loir_et_Cher,2040,7.160423
Loir_et_Cher,2041,4.7598906
Loir_et_Cher,2042,6.6814933
Loir_et_Cher,2043,6.8630567
Loir_et_Cher,2044,6.79311
Loir_et_Cher,2045,7.1570883
Loir_et_Cher,2046,6.1292515
Loir_et_Cher,2047,5.70537
Loir_et_Cher,2048,5.626199
Loir_et_Cher,2049,6.397374
Loir_et_Cher,2050,7.195859
Loire,2015,5.660488
Loire,2016,5.7549148
Loire,2017,5.748297
Loire,2018,6.6153026
Loire,2019,5.2389045
Loire,2020,6.3944654
Loire,2021,5.4303417
Loire,2022,6.3217006
Loire,2023,5.2606244
Loire,2024,5.5656295
Loire,2025,5.6886783
Loire,2026,6.825522
Loire,2027,5.9930024
Loire,2028,5.7277117
Loire,2029,5.3777742
Loire,2030,6.6251464
Loire,2031,6.0536656
Loire,2032,5.717578
Loire,2033,4.374578
Loire,2034,6.4187613
Loire,2035,6.951851
Loire,2036,5.713002
Loire,2037,6.5208035
Loire,2038,6.3033676
Loire,2039,5.5466194
Loire,2040,7.108399
Loire,2041,6.8738995
Loire,2042,6.5921354
Loire,2043,5.3032928
Loire,2044,5.607158
Loire,2045,6.9788127
Loire,2046,5.5671372
Loire,2047,5.867189
Loire,2048,5.99404
Loire,2049,6.94492
Loire,2050,6.4660573
Loire_Atlantique,2015,7.189318
Loire_Atlantique,2016,6.1775856
Loire_Atlantique,2017,6.919486
Loire_Atlantique,2018,4.476167
Loire_Atlantique,2019,4.5449033
Loire_Atlantique,2020,5.746816
Loire_Atlantique,2021,7.312687
Loire_Atlantique,2022,6.7117357
Loire_Atlantique,2023,6.525352
Loire_Atlantique,2024,6.9278774
Loire_Atlantique,2025,7.5013375
Loire_Atlantique,2026,6.0149293
Loire_Atlantique,2027,5.2574553
Loire_Atlantique,2028,7.3844748
Loire_Atlantique,2029,7.2948885
Loire_Atlantique,2030,7.2101984
Loire_Atlantique,2031,7.2925844
Loire_Atlantique,2032,6.6108093
Loire_Atlantique,2033,5.2918153
Loire_Atlantique,2034,5.313924
Loire_Atlantique,2035,4.8600273
Loire_Atlantique,2036,5.0071573
Loire_Atlantique,2037,5.9208136
Loire_Atlantique,2038,7.424841
Loire_Atlantique,2039,5.326115
Loire_Atlantique,2040,6.181163
Loire_Atlantique,2041,4.4817033
Loire_Atlantique,2042,6.9631824
Loire_Atlantique,2043,6.510311
Loire_Atlantique,2044,6.1174893
Loire_Atlantique,2045,7.495699
Loire_Atlantique,2046,5.6920004
Loire_Atlantique,2047,5.1764565
Loire_Atlantique,2048,4.896918
Loire_Atlantique,2049,6.0948515
Loire_Atlantique,2050,7.076041
Loiret,2015,6.416928
Loiret,2016,6.210906
Loiret,2017,6.5374193
Loiret,2018,5.315837
Loiret,2019,5.810111
Loiret,2020,5.559805
Loiret,2021,6.633457
Loiret,2022,6.7964115
Loiret,2023,6.893435
Loiret,2024,6.1563497
Loiret,2025,6.970623
Loiret,2026,5.0862856
Loiret,2027,5.7824636
Loiret,2028,7.0801983
Loiret,2029,6.3349876
Loiret,2030,7.5313563
Loiret,2031,6.969124
Loiret,2032,6.4614015
Loiret,2033,4.2869735
Loiret,2034,5.975732
Loiret,2035,4.910103
Loiret,2036,5.7019
Loiret,2037,5.7750463
Loiret,2038,7.3365107
Loiret,2039,4.835989
Loiret,2040,7.1432447
Loiret,2041,4.6922946
Loiret,2042,6.203653
Loiret,2043,7.025441
Loiret,2044,6.700035
Loiret,2045,7.347125
Loiret,2046,6.253458
Loiret,2047,5.1973534
Loiret,2048,6.113028
Loiret,2049,5.908589
Loiret,2050,7.122594
Lot,2015,7.0038095
Lot,2016,4.957744
Lot,2017,6.7094517
Lot,2018,5.6240487
Lot,2019,5.1264
Lot,2020,5.003791
Lot,2021,6.4029174
Lot,2022,6.2126193
Lot,2023,6.5763884
Lot,2024,4.8338485
Lot,2025,6.346186
Lot,2026,5.468582
Lot,2027,5.097528
Lot,2028,6.9068074
Lot,2029,5.9445286
Lot,2030,6.517947
Lot,2031,6.762678
Lot,2032,6.0938206
Lot,2033,5.119646
Lot,2034,4.7161713
Lot,2035,4.6864004
Lot,2036,4.7168026
Lot,2037,5.786021
Lot,2038,6.7436147
Lot,2039,4.2494664
Lot,2040,5.8666463
Lot,2041,4.5461283
Lot,2042,5.9559565
Lot,2043,6.405317
Lot,2044,4.9992085
Lot,2045,7.2906637
Lot,2046,6.095383
Lot,2047,5.1994414
Lot,2048,4.752115
Lot,2049,5.188213
Lot,2050,6.4935617
Lot_et_Garonne,2015,5.1171384
Lot_et_Garonne,2016,4.5066915
Lot_et_Garonne,2017,6.0550284
Lot_et_Garonne,2018,5.134336
Lot_et_Garonne,2019,5.152903
Lot_et_Garonne,2020,3.8901076
Lot_et_Garonne,2021,5.6291995
Lot_et_Garonne,2022,6.9387918
Lot_et_Garonne,2023,6.2894616
Lot_et_Garonne,2024,4.970958
Lot_et_Garonne,2025,5.6498184
Lot_et_Garonne,2026,5.508118
Lot_et_Garonne,2027,4.316859
Lot_et_Garonne,2028,6.3566294
Lot_et_Garonne,2029,5.446406
Lot_et_Garonne,2030,5.993917
Lot_et_Garonne,2031,6.2663
Lot_et_Garonne,2032,5.8744364
Lot_et_Garonne,2033,5.4121375
Lot_et_Garonne,2034,5.0359197
Lot_et_Garonne,2035,5.7196984
Lot_et_Garonne,2036,4.8001595
Lot_et_Garonne,2037,4.5900383
Lot_et_Garonne,2038,5.126279
Lot_et_Garonne,2039,4.7066693
Lot_et_Garonne,2040,5.7137413
Lot_et_Garonne,2041,5.3022785
Lot_et_Garonne,2042,5.51285
Lot_et_Garonne,2043,5.018651
Lot_et_Garonne,2044,5.47396
Lot_et_Garonne,2045,6.372058
Lot_et_Garonne,2046,4.9840283
Lot_et_Garonne,2047,4.8935437
Lot_et_Garonne,2048,4.675258
Lot_et_Garonne,2049,4.3912606
Lot_et_Garonne,2050,5.7819743
Lozere,2015,5.526162
Lozere,2016,5.902794
Lozere,2017,4.8219557
Lozere,2018,5.951667
Lozere,2019,5.420344
Lozere,2020,5.7609015
Lozere,2021,4.9581456
Lozere,2022,5.006207
Lozere,2023,5.112382
Lozere,2024,5.299553
Lozere,2025,5.198505
Lozere,2026,6.762167
Lozere,2027,4.7549276
Lozere,2028,4.6687384
Lozere,2029,4.948172
Lozere,2030,4.9013987
Lozere,2031,5.4840755
Lozere,2032,5.567918
Lozere,2033,4.3063364
Lozere,2034,4.8331304
Lozere,2035,5.4885607
Lozere,2036,5.7193384
Lozere,2037,5.686642
Lozere,2038,5.5052376
Lozere,2039,4.980967
Lozere,2040,6.309146
Lozere,2041,4.976221
Lozere,2042,6.2103324
Lozere,2043,5.075317
Lozere,2044,5.4581046
Lozere,2045,5.5281143
Lozere,2046,4.8751187
Lozere,2047,5.0860415
Lozere,2048,5.494137
Lozere,2049,5.155467
Lozere,2050,5.067563
Maine_et_Loire,2015,6.6109853
Maine_et_Loire,2016,6.2584624
Maine_et_Loire,2017,6.4284077
Maine_et_Loire,2018,5.238296
Maine_et_Loire,2019,4.521096
Maine_et_Loire,2020,5.300185
Maine_et_Loire,2021,7.2199583
Maine_et_Loire,2022,6.819324
Maine_et_Loire,2023,6.8512897
Maine_et_Loire,2024,6.3087425
Maine_et_Loire,2025,7.045441
Maine_et_Loire,2026,6.008112
Maine_et_Loire,2027,4.624878
Maine_et_Loire,2028,7.353647
Maine_et_Loire,2029,6.2952456
Maine_et_Loire,2030,7.3383865
Maine_et_Loire,2031,7.117858
Maine_et_Loire,2032,6.5768785
Maine_et_Loire,2033,4.6129866
Maine_et_Loire,2034,4.8218784
Maine_et_Loire,2035,4.813147
Maine_et_Loire,2036,5.2320347
Maine_et_Loire,2037,5.5402546
Maine_et_Loire,2038,6.9919357
Maine_et_Loire,2039,4.8164144
Maine_et_Loire,2040,6.545953
Maine_et_Loire,2041,4.12451
Maine_et_Loire,2042,6.0045605
Maine_et_Loire,2043,6.4638376
Maine_et_Loire,2044,6.4635086
Maine_et_Loire,2045,6.9404316
Maine_et_Loire,2046,6.294881
Maine_et_Loire,2047,5.949669
Maine_et_Loire,2048,5.1994934
Maine_et_Loire,2049,6.2546463
Maine_et_Loire,2050,7.0745144
Manche,2015,5.382119
Manche,2016,6.302418
Manche,2017,6.0551944
Manche,2018,6.720052
Manche,2019,7.2323756
Manche,2020,6.071474
Manche,2021,5.874613
Manche,2022,4.921403
Manche,2023,6.5063376
Manche,2024,6.901502
Manche,2025,6.990906
Manche,2026,4.9017177
Manche,2027,6.0942707
Manche,2028,5.5561604
Manche,2029,6.274141
Manche,2030,5.555119
Manche,2031,5.896874
Manche,2032,5.7879558
Manche,2033,6.6845303
Manche,2034,4.188517
Manche,2035,4.3242483
Manche,2036,5.023827
Manche,2037,6.1963387
Manche,2038,5.935899
Manche,2039,6.9700537
Manche,2040,7.2522597
Manche,2041,5.0424876
Manche,2042,6.7449465
Manche,2043,5.4599104
Manche,2044,6.8636465
Manche,2045,5.9537807
Manche,2046,4.8432293
Manche,2047,3.7831292
Manche,2048,5.6090713
Manche,2049,7.078471
Manche,2050,6.5120053
Marne,2015,7.5086436
Marne,2016,6.263168
Marne,2017,6.5890255
Marne,2018,5.3941135
Marne,2019,6.15931
Marne,2020,6.597193
Marne,2021,6.9159503
Marne,2022,7.0248346
Marne,2023,7.1371574
Marne,2024,6.2534733
Marne,2025,6.9409046
Marne,2026,5.348458
Marne,2027,6.579116
Marne,2028,6.899021
Marne,2029,6.6451416
Marne,2030,7.153883
Marne,2031,6.6955266
Marne,2032,7.422824
Marne,2033,5.2218494
Marne,2034,6.5064116
Marne,2035,5.379893
Marne,2036,6.2483463
Marne,2037,5.3072534
Marne,2038,6.736388
Marne,2039,6.118182
Marne,2040,7.2205777
Marne,2041,6.634994
Marne,2042,6.8099947
Marne,2043,7.202237
Marne,2044,7.770748
Marne,2045,7.454111
Marne,2046,6.230046
Marne,2047,5.9155016
Marne,2048,6.429741
Marne,2049,6.4693713
Marne,2050,6.8983483
Mayenne,2015,7.413144
Mayenne,2016,6.6282477
Mayenne,2017,7.0595155
Mayenne,2018,6.845828
Mayenne,2019,5.9820404
Mayenne,2020,6.33974
Mayenne,2021,6.891984
Mayenne,2022,6.6260347
Mayenne,2023,6.470359
Mayenne,2024,7.394122
Mayenne,2025,6.6700974
Mayenne,2026,5.9499745
Mayenne,2027,6.7879863
Mayenne,2028,7.52195
Mayenne,2029,6.373211
Mayenne,2030,7.8244267
Mayenne,2031,6.4039197
Mayenne,2032,7.9530096
Mayenne,2033,6.2479486
Mayenne,2034,5.931809
Mayenne,2035,6.2494926
Mayenne,2036,5.9702487
Mayenne,2037,6.256531
Mayenne,2038,7.39556
Mayenne,2039,5.3654017
Mayenne,2040,7.794037
Mayenne,2041,6.4887753
Mayenne,2042,6.722108
Mayenne,2043,7.3822603
Mayenne,2044,7.8965726
Mayenne,2045,7.7696333
Mayenne,2046,6.720053
Mayenne,2047,5.3472214
Mayenne,2048,5.8782783
Mayenne,2049,7.3556643
Mayenne,2050,7.0830765
Meurthe_et_Moselle,2015,5.9633756
Meurthe_et_Moselle,2016,6.4161224
Meurthe_et_Moselle,2017,5.5661683
Meurthe_et_Moselle,2018,6.3633494
Meurthe_et_Moselle,2019,6.257716
Meurthe_et_Moselle,2020,5.7962484
Meurthe_et_Moselle,2021,6.393799
Meurthe_et_Moselle,2022,6.242594
Meurthe_et_Moselle,2023,6.2586746
Meurthe_et_Moselle,2024,6.3480673
Meurthe_et_Moselle,2025,6.042178
Meurthe_et_Moselle,2026,4.3679433
Meurthe_et_Moselle,2027,5.941567
Meurthe_et_Moselle,2028,6.530487
Meurthe_et_Moselle,2029,5.1369925
Meurthe_et_Moselle,2030,6.291848
Meurthe_et_Moselle,2031,6.354814
Meurthe_et_Moselle,2032,6.466424
Meurthe_et_Moselle,2033,5.298335
Meurthe_et_Moselle,2034,5.8498116
Meurthe_et_Moselle,2035,5.980845
Meurthe_et_Moselle,2036,5.479874
Meurthe_et_Moselle,2037,5.8612385
Meurthe_et_Moselle,2038,6.1441684
Meurthe_et_Moselle,2039,4.5679455
Meurthe_et_Moselle,2040,6.469763
Meurthe_et_Moselle,2041,5.865609
Meurthe_et_Moselle,2042,6.293573
Meurthe_et_Moselle,2043,6.567308
Meurthe_et_Moselle,2044,6.808403
Meurthe_et_Moselle,2045,7.1586533
Meurthe_et_Moselle,2046,5.227816
Meurthe_et_Moselle,2047,5.96684
Meurthe_et_Moselle,2048,5.924044
Meurthe_et_Moselle,2049,6.3065987
Meurthe_et_Moselle,2050,6.271358
Meuse,2015,6.7510366
Meuse,2016,6.1787844
Meuse,2017,6.5861187
Meuse,2018,6.3476543
Meuse,2019,6.284742
Meuse,2020,5.7238684
Meuse,2021,5.9008293
Meuse,2022,6.5562487
Meuse,2023,6.7769237
Meuse,2024,6.620909
Meuse,2025,6.0284767
Meuse,2026,4.4873843
Meuse,2027,6.2660637
Meuse,2028,6.850396
Meuse,2029,4.744085
Meuse,2030,6.592605
Meuse,2031,6.0939565
Meuse,2032,6.7765293
Meuse,2033,4.4547186
Meuse,2034,6.036919
Meuse,2035,5.8961716
Meuse,2036,6.4051404
Meuse,2037,5.9748583
Meuse,2038,6.455273
Meuse,2039,4.344683
Meuse,2040,6.7394805
Meuse,2041,6.438891
Meuse,2042,6.66483
Meuse,2043,6.9032364
Meuse,2044,7.26374
Meuse,2045,7.692113
Meuse,2046,5.773196
Meuse,2047,6.436924
Meuse,2048,6.382346
Meuse,2049,6.0492764
Meuse,2050,6.8774486
Morbihan,2015,6.7791524
Morbihan,2016,7.0983305
Morbihan,2017,6.840008
Morbihan,2018,6.223768
Morbihan,2019,6.648353
Morbihan,2020,6.4125175
Morbihan,2021,7.5780487
Morbihan,2022,6.756303
Morbihan,2023,5.5052776
Morbihan,2024,6.98657
Morbihan,2025,7.2457175
Morbihan,2026,6.1084433
Morbihan,2027,6.737851
Morbihan,2028,7.59181
Morbihan,2029,6.392041
Morbihan,2030,7.3739214
Morbihan,2031,6.76941
Morbihan,2032,7.0752816
Morbihan,2033,4.6354685
Morbihan,2034,5.328598
Morbihan,2035,4.1696563
Morbihan,2036,5.1057534
Morbihan,2037,6.8942204
Morbihan,2038,6.8277874
Morbihan,2039,5.079612
Morbihan,2040,7.0871716
Morbihan,2041,3.942141
Morbihan,2042,6.9533896
Morbihan,2043,6.977765
Morbihan,2044,7.1971684
Morbihan,2045,7.418549
Morbihan,2046,6.8574457
Morbihan,2047,5.8005977
Morbihan,2048,5.299297
Morbihan,2049,6.808591
Morbihan,2050,7.261976
Moselle,2015,6.2032976
Moselle,2016,6.9344397
Moselle,2017,5.919479
Moselle,2018,6.5568643
Moselle,2019,6.2721424
Moselle,2020,5.7273245
Moselle,2021,5.4910274
Moselle,2022,6.6925
Moselle,2023,6.847191
Moselle,2024,6.492946
Moselle,2025,5.942806
Moselle,2026,4.201249
Moselle,2027,4.8488154
Moselle,2028,6.31944
Moselle,2029,4.911234
Moselle,2030,6.325099
Moselle,2031,6.400446
Moselle,2032,6.650945
Moselle,2033,5.145618
Moselle,2034,6.5426464
Moselle,2035,6.4358053
Moselle,2036,5.5953603
Moselle,2037,5.461426
Moselle,2038,5.972717
Moselle,2039,5.702569
Moselle,2040,6.744746
Moselle,2041,5.3106713
Moselle,2042,6.95248
Moselle,2043,6.0287604
Moselle,2044,6.1472697
Moselle,2045,6.898348
Moselle,2046,5.2580867
Moselle,2047,5.868268
Moselle,2048,5.6844187
Moselle,2049,5.021635
Moselle,2050,6.815409
Nievre,2015,6.7579603
Nievre,2016,5.85064
Nievre,2017,6.5191584
Nievre,2018,6.4044213
Nievre,2019,6.2577643
Nievre,2020,5.746375
Nievre,2021,6.155213
Nievre,2022,6.7845964
Nievre,2023,6.729486
Nievre,2024,6.1828775
Nievre,2025,6.6548233
Nievre,2026,5.8237615
Nievre,2027,6.2297163
Nievre,2028,7.1627855
Nievre,2029,5.504945
Nievre,2030,6.999919
Nievre,2031,6.8846984
Nievre,2032,7.4368944
Nievre,2033,5.301016
Nievre,2034,6.239619
Nievre,2035,5.559894
Nievre,2036,5.773879
Nievre,2037,6.355952
Nievre,2038,7.1104193
Nievre,2039,5.7034836
Nievre,2040,6.81338
Nievre,2041,6.18693
Nievre,2042,6.8467193
Nievre,2043,6.8818316
Nievre,2044,7.274641
Nievre,2045,7.8038316
Nievre,2046,6.2930794
Nievre,2047,6.190872
Nievre,2048,6.2711153
Nievre,2049,6.30849
Nievre,2050,7.3954506
Nord,2015,7.657317
Nord,2016,7.700656
Nord,2017,7.4268703
Nord,2018,7.209651
Nord,2019,7.384836
Nord,2020,7.1993
Nord,2021,6.8817215
Nord,2022,7.2894
Nord,2023,6.575717
Nord,2024,6.9986925
Nord,2025,7.099453
Nord,2026,6.1935825
Nord,2027,7.5684733
Nord,2028,7.508912
Nord,2029,6.2516294
Nord,2030,7.833357
Nord,2031,7.076497
Nord,2032,7.752772
Nord,2033,6.5964017
Nord,2034,6.8665285
Nord,2035,5.801271
Nord,2036,7.4897475
Nord,2037,6.8458667
Nord,2038,7.294655
Nord,2039,5.8098145
Nord,2040,7.9511604
Nord,2041,6.882197
Nord,2042,7.6620917
Nord,2043,8.212975
Nord,2044,8.718024
Nord,2045,8.285064
Nord,2046,6.554424
Nord,2047,7.02134
Nord,2048,6.9100776
Nord,2049,7.9490232
Nord,2050,7.646089
Oise,2015,7.5670815
Oise,2016,7.021843
Oise,2017,7.3398767
Oise,2018,7.188673
Oise,2019,7.163715
Oise,2020,5.8371654
Oise,2021,7.5786843
Oise,2022,7.6310143
Oise,2023,7.9063473
Oise,2024,7.069073
Oise,2025,7.644267
Oise,2026,6.018983
Oise,2027,7.857902
Oise,2028,7.688251
Oise,2029,7.4235735
Oise,2030,7.631235
Oise,2031,7.5382624
Oise,2032,7.8053327
Oise,2033,6.381381
Oise,2034,5.972843
Oise,2035,5.198611
Oise,2036,7.22038
Oise,2037,7.252429
Oise,2038,7.6575775
Oise,2039,6.0538282
Oise,2040,7.9834485
Oise,2041,6.986286
Oise,2042,8.18092
Oise,2043,7.650296
Oise,2044,8.512983
Oise,2045,8.49192
Oise,2046,6.4604826
Oise,2047,7.2949123
Oise,2048,7.310478
Oise,2049,8.258908
Oise,2050,7.7899103
Orne,2015,7.097583
Orne,2016,6.3488393
Orne,2017,6.148994
Orne,2018,7.7679014
Orne,2019,6.483474
Orne,2020,6.835927
Orne,2021,7.102153
Orne,2022,6.2485476
Orne,2023,6.6640534
Orne,2024,7.551311
Orne,2025,6.879694
Orne,2026,6.3801775
Orne,2027,6.8523207
Orne,2028,7.077118
Orne,2029,7.2193227
Orne,2030,7.421395
Orne,2031,7.0321884
Orne,2032,7.6046805
Orne,2033,7.143136
Orne,2034,6.911791
Orne,2035,4.9618897
Orne,2036,6.909682
Orne,2037,6.888704
Orne,2038,7.0344896
Orne,2039,6.589207
Orne,2040,7.722166
Orne,2041,5.444874
Orne,2042,6.7582464
Orne,2043,7.0473976
Orne,2044,7.6145406
Orne,2045,7.5773706
Orne,2046,7.112656
Orne,2047,6.6410117
Orne,2048,6.819613
Orne,2049,7.6359406
Orne,2050,6.7909555
Pas_de_Calais,2015,7.5353804
Pas_de_Calais,2016,6.7745028
Pas_de_Calais,2017,7.1926436
Pas_de_Calais,2018,7.2594137
Pas_de_Calais,2019,7.7615595
Pas_de_Calais,2020,7.192519
Pas_de_Calais,2021,7.40987
Pas_de_Calais,2022,7.7853994
Pas_de_Calais,2023,7.4732885
Pas_de_Calais,2024,6.989342
Pas_de_Calais,2025,7.3400908
Pas_de_Calais,2026,5.888733
Pas_de_Calais,2027,7.4545517
Pas_de_Calais,2028,8.023251
Pas_de_Calais,2029,7.1516194
Pas_de_Calais,2030,7.7884326
Pas_de_Calais,2031,7.8507156
Pas_de_Calais,2032,7.608917
Pas_de_Calais,2033,7.4340286
Pas_de_Calais,2034,7.158022
Pas_de_Calais,2035,5.5807724
Pas_de_Calais,2036,6.8659105
Pas_de_Calais,2037,7.3266664
Pas_de_Calais,2038,7.5689216
Pas_de_Calais,2039,6.9525695
Pas_de_Calais,2040,8.304058
Pas_de_Calais,2041,6.0069385
Pas_de_Calais,2042,7.786704
Pas_de_Calais,2043,8.194107
Pas_de_Calais,2044,8.427113
Pas_de_Calais,2045,8.598028
Pas_de_Calais,2046,6.858541
Pas_de_Calais,2047,7.045905
Pas_de_Calais,2048,7.5026665
Pas_de_Calais,2049,8.617456
Pas_de_Calais,2050,8.154029
Puy_de_Dome,2015,6.671359
Puy_de_Dome,2016,6.0982523
Puy_de_Dome,2017,5.614832
Puy_de_Dome,2018,6.489897
Puy_de_Dome,2019,5.923059
Puy_de_Dome,2020,6.1744204
Puy_de_Dome,2021,5.885023
Puy_de_Dome,2022,5.889815
Puy_de_Dome,2023,5.9022484
Puy_de_Dome,2024,5.884864
Puy_de_Dome,2025,5.594676
Puy_de_Dome,2026,6.7859893
Puy_de_Dome,2027,5.8295765
Puy_de_Dome,2028,5.965604
Puy_de_Dome,2029,5.5155315
Puy_de_Dome,2030,5.38875
Puy_de_Dome,2031,5.917168
Puy_de_Dome,2032,5.687038
Puy_de_Dome,2033,5.042631
Puy_de_Dome,2034,5.703113
Puy_de_Dome,2035,6.412237
Puy_de_Dome,2036,6.077648
Puy_de_Dome,2037,5.7052207
Puy_de_Dome,2038,6.073041
Puy_de_Dome,2039,5.9400268
Puy_de_Dome,2040,6.945198
Puy_de_Dome,2041,6.20376
Puy_de_Dome,2042,5.998616
Puy_de_Dome,2043,5.649841
Puy_de_Dome,2044,6.258902
Puy_de_Dome,2045,6.6792345
Puy_de_Dome,2046,5.8642173
Puy_de_Dome,2047,5.470719
Puy_de_Dome,2048,6.458143
Puy_de_Dome,2049,6.7609053
Puy_de_Dome,2050,6.628595
Pyrenees_Atlantiques,2015,6.5325
Pyrenees_Atlantiques,2016,5.399264
Pyrenees_Atlantiques,2017,5.624287
Pyrenees_Atlantiques,2018,6.36127
Pyrenees_Atlantiques,2019,6.101257
Pyrenees_Atlantiques,2020,5.360896
Pyrenees_Atlantiques,2021,5.7332754
Pyrenees_Atlantiques,2022,6.087226
Pyrenees_Atlantiques,2023,5.7531786
Pyrenees_Atlantiques,2024,5.996086
Pyrenees_Atlantiques,2025,6.2548714
Pyrenees_Atlantiques,2026,6.44106
Pyrenees_Atlantiques,2027,6.170879
Pyrenees_Atlantiques,2028,6.9681344
Pyrenees_Atlantiques,2029,6.2819986
Pyrenees_Atlantiques,2030,6.151845
Pyrenees_Atlantiques,2031,6.3392963
Pyrenees_Atlantiques,2032,6.5361137
Pyrenees_Atlantiques,2033,6.94854
Pyrenees_Atlantiques,2034,6.1031756
Pyrenees_Atlantiques,2035,3.8033528
Pyrenees_Atlantiques,2036,4.999908
Pyrenees_Atlantiques,2037,5.3180623
Pyrenees_Atlantiques,2038,6.596421
Pyrenees_Atlantiques,2039,4.507706
Pyrenees_Atlantiques,2040,6.598727
Pyrenees_Atlantiques,2041,4.8973103
Pyrenees_Atlantiques,2042,6.590493
Pyrenees_Atlantiques,2043,6.287051
Pyrenees_Atlantiques,2044,6.6266036
Pyrenees_Atlantiques,2045,6.729775
Pyrenees_Atlantiques,2046,6.2269325
Pyrenees_Atlantiques,2047,6.525788
Pyrenees_Atlantiques,2048,5.8261886
Pyrenees_Atlantiques,2049,6.3613
Pyrenees_Atlantiques,2050,6.8595786
Pyrenees_Orientales,2015,5.807336
Pyrenees_Orientales,2016,3.2919536
Pyrenees_Orientales,2017,4.951054
Pyrenees_Orientales,2018,4.0398493
Pyrenees_Orientales,2019,5.1390944
Pyrenees_Orientales,2020,4.31022
Pyrenees_Orientales,2021,5.576419
Pyrenees_Orientales,2022,5.249408
Pyrenees_Orientales,2023,5.5571876
Pyrenees_Orientales,2024,4.1307755
Pyrenees_Orientales,2025,5.336066
Pyrenees_Orientales,2026,3.3183973
Pyrenees_Orientales,2027,4.590419
Pyrenees_Orientales,2028,5.011714
Pyrenees_Orientales,2029,6.1928062
Pyrenees_Orientales,2030,5.855836
Pyrenees_Orientales,2031,5.466376
Pyrenees_Orientales,2032,4.892096
Pyrenees_Orientales,2033,5.155013
Pyrenees_Orientales,2034,5.021648
Pyrenees_Orientales,2035,3.3637369
Pyrenees_Orientales,2036,3.3926258
Pyrenees_Orientales,2037,4.975725
Pyrenees_Orientales,2038,5.148197
Pyrenees_Orientales,2039,4.0937824
Pyrenees_Orientales,2040,5.285425
Pyrenees_Orientales,2041,3.9811714
Pyrenees_Orientales,2042,4.882879
Pyrenees_Orientales,2043,4.6668644
Pyrenees_Orientales,2044,4.3869905
Pyrenees_Orientales,2045,5.5367427
Pyrenees_Orientales,2046,3.966405
Pyrenees_Orientales,2047,4.303913
Pyrenees_Orientales,2048,2.6335142
Pyrenees_Orientales,2049,4.63779
Pyrenees_Orientales,2050,4.378396
Rhone,2015,5.181421
Rhone,2016,5.5335126
Rhone,2017,5.4329033
Rhone,2018,4.468611
Rhone,2019,4.9124207
Rhone,2020,4.8493495
Rhone,2021,5.7697983
Rhone,2022,5.7185235
Rhone,2023,6.0418587
Rhone,2024,5.005549
Rhone,2025,5.637305
Rhone,2026,4.8728666
Rhone,2027,4.8108273
Rhone,2028,5.551087
Rhone,2029,5.020542
Rhone,2030,5.9544005
Rhone,2031,5.3184834
Rhone,2032,3.5602546
Rhone,2033,4.113826
Rhone,2034,4.619286
Rhone,2035,2.7517288
Rhone,2036,4.768163
Rhone,2037,5.364512
Rhone,2038,6.3410277
Rhone,2039,4.4928675
Rhone,2040,4.0320272
Rhone,2041,4.354901
Rhone,2042,5.1354938
Rhone,2043,5.431531
Rhone,2044,4.419029
Rhone,2045,4.964319
Rhone,2046,4.7928524
Rhone,2047,4.9110017
Rhone,2048,3.7106547
Rhone,2049,4.5542316
Rhone,2050,4.2453957
Saone_et_Loire,2015,6.198388
Saone_et_Loire,2016,5.4558096
Saone_et_Loire,2017,5.662083
Saone_et_Loire,2018,5.216295
Saone_et_Loire,2019,5.995979
Saone_et_Loire,2020,5.6193967
Saone_et_Loire,2021,5.813509
Saone_et_Loire,2022,6.2729316
Saone_et_Loire,2023,6.0010924
Saone_et_Loire,2024,5.7778435
Saone_et_Loire,2025,6.306099
Saone_et_Loire,2026,5.3541536
Saone_et_Loire,2027,4.234475
Saone_et_Loire,2028,6.165113
Saone_et_Loire,2029,5.4098015
Saone_et_Loire,2030,5.367022
Saone_et_Loire,2031,5.961529
Saone_et_Loire,2032,6.7846317
Saone_et_Loire,2033,4.9084797
Saone_et_Loire,2034,5.808033
Saone_et_Loire,2035,4.2674084
Saone_et_Loire,2036,4.9454136
Saone_et_Loire,2037,5.7904916
Saone_et_Loire,2038,6.231224
Saone_et_Loire,2039,5.229085
Saone_et_Loire,2040,6.723974
Saone_et_Loire,2041,5.71858
Saone_et_Loire,2042,6.3519583
Saone_et_Loire,2043,6.150143
Saone_et_Loire,2044,6.028619
Saone_et_Loire,2045,6.7952204
Saone_et_Loire,2046,5.622872
Saone_et_Loire,2047,5.716526
Saone_et_Loire,2048,5.5869503
Saone_et_Loire,2049,4.72266
Saone_et_Loire,2050,5.9737425
Sarthe,2015,7.0728807
Sarthe,2016,6.507323
Sarthe,2017,6.6848464
Sarthe,2018,4.8261976
Sarthe,2019,5.241829
Sarthe,2020,6.4919963
Sarthe,2021,6.81357
Sarthe,2022,6.361232
Sarthe,2023,6.8124905
Sarthe,2024,6.6805487
Sarthe,2025,6.371515
Sarthe,2026,5.090633
Sarthe,2027,4.282485
Sarthe,2028,6.8439274
Sarthe,2029,5.8234963
Sarthe,2030,7.071614
Sarthe,2031,6.940485
Sarthe,2032,6.6934085
Sarthe,2033,3.8515053
Sarthe,2034,4.6325927
Sarthe,2035,4.8567963
Sarthe,2036,5.278633
Sarthe,2037,6.3484063
Sarthe,2038,6.9909973
Sarthe,2039,4.2126255
Sarthe,2040,7.263109
Sarthe,2041,4.2730045
Sarthe,2042,6.9552484
Sarthe,2043,6.5788274
Sarthe,2044,6.961954
Sarthe,2045,6.833209
Sarthe,2046,5.963343
Sarthe,2047,5.3648677
Sarthe,2048,5.416515
Sarthe,2049,7.015913
Sarthe,2050,6.666492
Savoie,2015,5.5794744
Savoie,2016,5.5730557
Savoie,2017,5.4059215
Savoie,2018,5.999081
Savoie,2019,5.369135
Savoie,2020,5.175975
Savoie,2021,5.5593324
Savoie,2022,5.3207603
Savoie,2023,5.987457
Savoie,2024,5.5357485
Savoie,2025,5.5678296
Savoie,2026,5.6529045
Savoie,2027,5.562206
Savoie,2028,5.828525
Savoie,2029,5.307807
Savoie,2030,5.7835674
Savoie,2031,5.3725967
Savoie,2032,5.553414
Savoie,2033,5.905335
Savoie,2034,5.7478704
Savoie,2035,6.006137
Savoie,2036,5.4222083
Savoie,2037,5.3216147
Savoie,2038,5.556545
Savoie,2039,5.930156
Savoie,2040,5.9916487
Savoie,2041,5.4259915
Savoie,2042,5.0337296
Savoie,2043,5.653385
Savoie,2044,6.038087
Savoie,2045,5.9257064
Savoie,2046,5.1976304
Savoie,2047,5.3050036
Savoie,2048,5.422664
Savoie,2049,5.3092995
Savoie,2050,4.8204064
Seine_Maritime,2015,7.427411
Seine_Maritime,2016,7.674838
Seine_Maritime,2017,7.252985
Seine_Maritime,2018,7.4958982
Seine_Maritime,2019,7.8218255
Seine_Maritime,2020,6.5932574
Seine_Maritime,2021,7.024206
Seine_Maritime,2022,7.2873173
Seine_Maritime,2023,7.3541546
Seine_Maritime,2024,7.5848093
Seine_Maritime,2025,7.785226
Seine_Maritime,2026,5.998205
Seine_Maritime,2027,6.7167454
Seine_Maritime,2028,7.7549744
Seine_Maritime,2029,7.5998898
Seine_Maritime,2030,7.5666385
Seine_Maritime,2031,6.713996
Seine_Maritime,2032,7.488879
Seine_Maritime,2033,6.6051736
Seine_Maritime,2034,7.0412207
Seine_Maritime,2035,4.4150224
Seine_Maritime,2036,7.0751104
Seine_Maritime,2037,7.7790103
Seine_Maritime,2038,7.476204
Seine_Maritime,2039,7.167802
Seine_Maritime,2040,7.6233735
Seine_Maritime,2041,5.687468
Seine_Maritime,2042,7.407412
Seine_Maritime,2043,7.606655
Seine_Maritime,2044,7.4424934
Seine_Maritime,2045,7.9256754
Seine_Maritime,2046,7.217452
Seine_Maritime,2047,6.5984955
Seine_Maritime,2048,6.3017063
Seine_Maritime,2049,8.126417
Seine_Maritime,2050,7.5355053
Seine_et_Marne,2015,6.7061195
Seine_et_Marne,2016,7.3760223
Seine_et_Marne,2017,6.914265
Seine_et_Marne,2018,6.416174
Seine_et_Marne,2019,5.471844
Seine_et_Marne,2020,6.826626
Seine_et_Marne,2021,7.294048
Seine_et_Marne,2022,7.6787324
Seine_et_Marne,2023,7.7590065
Seine_et_Marne,2024,7.181426
Seine_et_Marne,2025,7.2615376
Seine_et_Marne,2026,5.9820905
Seine_et_Marne,2027,6.8717184
Seine_et_Marne,2028,7.7394714
Seine_et_Marne,2029,6.4457054
Seine_et_Marne,2030,7.248012
Seine_et_Marne,2031,7.075299
Seine_et_Marne,2032,7.509548
Seine_et_Marne,2033,5.60816
Seine_et_Marne,2034,7.051073
Seine_et_Marne,2035,5.392609
Seine_et_Marne,2036,6.7271566
Seine_et_Marne,2037,5.918055
Seine_et_Marne,2038,7.021088
Seine_et_Marne,2039,4.623909
Seine_et_Marne,2040,7.1215515
Seine_et_Marne,2041,6.6038218
Seine_et_Marne,2042,7.601371
Seine_et_Marne,2043,6.4924583
Seine_et_Marne,2044,7.2314167
Seine_et_Marne,2045,7.6437025
Seine_et_Marne,2046,5.942816
Seine_et_Marne,2047,6.230402
Seine_et_Marne,2048,5.987173
Seine_et_Marne,2049,6.302888
Seine_et_Marne,2050,7.5677814
Somme,2015,7.8768425
Somme,2016,7.444647
Somme,2017,6.6601315
Somme,2018,7.070699
Somme,2019,7.9295807
Somme,2020,6.991254
Somme,2021,6.7589912
Somme,2022,7.2449627
Somme,2023,7.286482
Somme,2024,6.965336
Somme,2025,7.261341
Somme,2026,6.3276486
Somme,2027,7.5300016
Somme,2028,7.8033304
Somme,2029,6.4789777
Somme,2030,7.6217923
Somme,2031,7.435919
Somme,2032,7.847212
Somme,2033,6.4586587
Somme,2034,7.299908
Somme,2035,3.9133394
Somme,2036,6.750736
Somme,2037,6.8539205
Somme,2038,7.020937
Somme,2039,6.351851
Somme,2040,7.341009
Somme,2041,5.61828
Somme,2042,7.7412386
Somme,2043,6.8024445
Somme,2044,8.063335
Somme,2045,7.7820034
Somme,2046,6.158078
Somme,2047,6.113549
Somme,2048,5.916135
Somme,2049,7.5689454
Somme,2050,7.8390474
Tarn,2015,7.3650827
Tarn,2016,5.6468697
Tarn,2017,5.983662
Tarn,2018,6.5903482
Tarn,2019,5.8039994
Tarn,2020,6.386256
Tarn,2021,5.777972
Tarn,2022,6.6145277
Tarn,2023,6.881543
Tarn,2024,5.893921
Tarn,2025,6.7438703
Tarn,2026,5.1573343
Tarn,2027,6.0404906
Tarn,2028,7.091176
Tarn,2029,6.446579
Tarn,2030,6.5700955
Tarn,2031,6.7566442
Tarn,2032,6.392499
Tarn,2033,6.679489
Tarn,2034,6.313232
Tarn,2035,5.4962444
Tarn,2036,5.2089796
Tarn,2037,6.2396784
Tarn,2038,7.410103
Tarn,2039,4.6690865
Tarn,2040,7.15945
Tarn,2041,5.2664514
Tarn,2042,6.4636335
Tarn,2043,6.3468885
Tarn,2044,7.570998
Tarn,2045,7.6639175
Tarn,2046,6.8707085
Tarn,2047,5.7086143
Tarn,2048,4.9979444
Tarn,2049,5.905349
Tarn,2050,7.2955666
Tarn_et_Garonne,2015,4.380794
Tarn_et_Garonne,2016,4.4504757
Tarn_et_Garonne,2017,3.9551976
Tarn_et_Garonne,2018,3.141709
Tarn_et_Garonne,2019,3.9883504
Tarn_et_Garonne,2020,3.442625
Tarn_et_Garonne,2021,4.8636928
Tarn_et_Garonne,2022,4.7446375
Tarn_et_Garonne,2023,4.0544252
Tarn_et_Garonne,2024,4.41139
Tarn_et_Garonne,2025,4.351483
Tarn_et_Garonne,2026,2.9688048
Tarn_et_Garonne,2027,3.870467
Tarn_et_Garonne,2028,4.3259015
Tarn_et_Garonne,2029,4.4496317
Tarn_et_Garonne,2030,4.016944
Tarn_et_Garonne,2031,4.4275737
Tarn_et_Garonne,2032,3.8430626
Tarn_et_Garonne,2033,4.142755
Tarn_et_Garonne,2034,4.177427
Tarn_et_Garonne,2035,3.4930325
Tarn_et_Garonne,2036,4.308324
Tarn_et_Garonne,2037,3.4259605
Tarn_et_Garonne,2038,4.0572505
Tarn_et_Garonne,2039,4.0322676
Tarn_et_Garonne,2040,3.4908724
Tarn_et_Garonne,2041,3.9143999
Tarn_et_Garonne,2042,3.4967456
Tarn_et_Garonne,2043,4.4638376
Tarn_et_Garonne,2044,4.1496577
Tarn_et_Garonne,2045,4.5023685
Tarn_et_Garonne,2046,3.8397484
Tarn_et_Garonne,2047,3.9187465
Tarn_et_Garonne,2048,3.810787
Tarn_et_Garonne,2049,3.4092498
Tarn_et_Garonne,2050,4.211227
Territoire_de_Belfort,2015,6.031951
Territoire_de_Belfort,2016,5.032968
Territoire_de_Belfort,2017,4.863042
Territoire_de_Belfort,2018,4.7097244
Territoire_de_Belfort,2019,5.6816697
Territoire_de_Belfort,2020,5.9992948
Territoire_de_Belfort,2021,5.53967
Territoire_de_Belfort,2022,5.379992
Territoire_de_Belfort,2023,5.571343
Territoire_de_Belfort,2024,5.852797
Territoire_de_Belfort,2025,5.1889358
Territoire_de_Belfort,2026,4.5792456
Territoire_de_Belfort,2027,4.734119
Territoire_de_Belfort,2028,5.0300717
Territoire_de_Belfort,2029,5.7646866
Territoire_de_Belfort,2030,6.0979
Territoire_de_Belfort,2031,5.28309
Territoire_de_Belfort,2032,5.3608365
Territoire_de_Belfort,2033,4.8899493
Territoire_de_Belfort,2034,5.8349333
Territoire_de_Belfort,2035,5.2367544
Territoire_de_Belfort,2036,4.726548
Territoire_de_Belfort,2037,5.188592
Territoire_de_Belfort,2038,5.3611093
Territoire_de_Belfort,2039,4.770909
Territoire_de_Belfort,2040,5.659553
Territoire_de_Belfort,2041,4.1687164
Territoire_de_Belfort,2042,5.073874
Territoire_de_Belfort,2043,5.576488
Territoire_de_Belfort,2044,6.4032116
Territoire_de_Belfort,2045,5.3705683
Territoire_de_Belfort,2046,5.343573
Territoire_de_Belfort,2047,5.716765
Territoire_de_Belfort,2048,5.58386
Territoire_de_Belfort,2049,5.2755938
Territoire_de_Belfort,2050,5.111753
Var,2015,4.018423
Var,2016,2.732388
Var,2017,3.6993313
Var,2018,4.057073
Var,2019,4.190299
Var,2020,3.0977228
Var,2021,5.94489
Var,2022,4.6897197
Var,2023,4.171571
Var,2024,3.665278
Var,2025,3.7880554
Var,2026,3.0211875
Var,2027,3.706437
Var,2028,4.465162
Var,2029,3.8471913
Var,2030,4.654307
Var,2031,4.1024566
Var,2032,3.7959213
Var,2033,4.2962546
Var,2034,3.4622974
Var,2035,3.7603838
Var,2036,3.7692242
Var,2037,4.3655
Var,2038,3.4444766
Var,2039,3.9942236
Var,2040,4.29775
Var,2041,3.6987426
Var,2042,4.1253514
Var,2043,3.8430843
Var,2044,3.4490898
Var,2045,4.1689816
Var,2046,3.8707592
Var,2047,3.9984112
Var,2048,2.8622282
Var,2049,3.8974805
Var,2050,3.533701
Vaucluse,2015,3.562025
Vaucluse,2016,4.157338
Vaucluse,2017,4.643572
Vaucluse,2018,3.7577357
Vaucluse,2019,3.7759197
Vaucluse,2020,2.8897183
Vaucluse,2021,3.7965822
Vaucluse,2022,4.007208
Vaucluse,2023,4.297162
Vaucluse,2024,3.6244173
Vaucluse,2025,3.8510034
Vaucluse,2026,3.6445556
Vaucluse,2027,3.3045576
Vaucluse,2028,3.8630362
Vaucluse,2029,2.683404
Vaucluse,2030,4.1807985
Vaucluse,2031,3.893927
Vaucluse,2032,3.5485168
Vaucluse,2033,3.681456
Vaucluse,2034,4.707346
Vaucluse,2035,3.7932565
Vaucluse,2036,3.8270853
Vaucluse,2037,3.95115
Vaucluse,2038,3.7884827
Vaucluse,2039,3.6179807
Vaucluse,2040,3.6145482
Vaucluse,2041,3.540906
Vaucluse,2042,2.759291
Vaucluse,2043,2.9976556
Vaucluse,2044,3.64083
Vaucluse,2045,4.186859
Vaucluse,2046,3.7881236
Vaucluse,2047,3.476521
Vaucluse,2048,3.6050506
Vaucluse,2049,3.5071921
Vaucluse,2050,3.1933327
Vendee,2015,6.88518
Vendee,2016,6.2222157
Vendee,2017,6.437375
Vendee,2018,5.1529946
Vendee,2019,4.27785
Vendee,2020,4.5012116
Vendee,2021,6.9903803
Vendee,2022,6.6616673
Vendee,2023,6.5659513
Vendee,2024,6.1668835
Vendee,2025,6.2651844
Vendee,2026,5.8671813
Vendee,2027,4.848548
Vendee,2028,7.006112
Vendee,2029,6.321449
Vendee,2030,7.403654
Vendee,2031,7.222687
Vendee,2032,6.0955534
Vendee,2033,4.2954736
Vendee,2034,4.1704884
Vendee,2035,3.9681857
Vendee,2036,4.8162985
Vendee,2037,5.59809
Vendee,2038,7.5427876
Vendee,2039,4.2791014
Vendee,2040,6.723487
Vendee,2041,4.5953937
Vendee,2042,6.268962
Vendee,2043,5.858866
Vendee,2044,5.9605007
Vendee,2045,6.7697725
Vendee,2046,5.623072
Vendee,2047,5.8596773
Vendee,2048,4.296167
Vendee,2049,5.908559
Vendee,2050,7.3957624
Vienne,2015,7.2127914
Vienne,2016,5.4555845
Vienne,2017,6.2338653
Vienne,2018,4.9901357
Vienne,2019,4.9842663
Vienne,2020,4.879604
Vienne,2021,7.0204067
Vienne,2022,6.6129127
Vienne,2023,6.9185753
Vienne,2024,5.657698
Vienne,2025,6.561315
Vienne,2026,5.3137064
Vienne,2027,4.7085295
Vienne,2028,7.2534285
Vienne,2029,5.932029
Vienne,2030,7.312534
Vienne,2031,6.1161523
Vienne,2032,5.8784637
Vienne,2033,4.118416
Vienne,2034,5.132944
Vienne,2035,4.5915747
Vienne,2036,5.687262
Vienne,2037,5.5014925
Vienne,2038,6.9924865
Vienne,2039,5.0531707
Vienne,2040,6.680651
Vienne,2041,4.663292
Vienne,2042,6.43855
Vienne,2043,6.6688185
Vienne,2044,6.017167
Vienne,2045,6.675023
Vienne,2046,6.266533
Vienne,2047,5.4096355
Vienne,2048,3.9727516
Vienne,2049,5.8336616
Vienne,2050,6.8698835
Vosges,2015,6.2877
Vosges,2016,5.3301015
Vosges,2017,6.3909616
Vosges,2018,6.3145437
Vosges,2019,6.040891
Vosges,2020,5.134593
Vosges,2021,5.814437
Vosges,2022,6.889359
Vosges,2023,6.397456
Vosges,2024,6.6344337
Vosges,2025,5.701523
Vosges,2026,4.5815926
Vosges,2027,5.74375
Vosges,2028,5.991647
Vosges,2029,6.122361
Vosges,2030,6.120547
Vosges,2031,6.017484
Vosges,2032,6.350403
Vosges,2033,5.2975073
Vosges,2034,6.1618757
Vosges,2035,6.097763
Vosges,2036,6.1474047
Vosges,2037,5.5922647
Vosges,2038,5.283202
Vosges,2039,5.752616
Vosges,2040,7.128249
Vosges,2041,6.2300234
Vosges,2042,6.74834
Vosges,2043,5.758957
Vosges,2044,6.797003
Vosges,2045,6.9268565
Vosges,2046,4.9301953
Vosges,2047,5.8818665
Vosges,2048,5.5103602
Vosges,2049,6.5651093
Vosges,2050,6.5025973
Yonne,2015,7.1405454
Yonne,2016,7.113296
Yonne,2017,6.8881116
Yonne,2018,6.0913205
Yonne,2019,5.3333197
Yonne,2020,6.1482334
Yonne,2021,7.0179434
Yonne,2022,7.499014
Yonne,2023,7.657257
Yonne,2024,7.1188145
Yonne,2025,6.831106
Yonne,2026,5.6221128
Yonne,2027,5.375695
Yonne,2028,7.6777296
Yonne,2029,5.9658155
Yonne,2030,7.9604516
Yonne,2031,7.4097333
Yonne,2032,7.752573
Yonne,2033,4.1834493
Yonne,2034,6.348034
Yonne,2035,5.065037
Yonne,2036,6.0453386
Yonne,2037,5.9513164
Yonne,2038,7.3861256
Yonne,2039,6.0022225
Yonne,2040,6.7874975
Yonne,2041,6.2584715
Yonne,2042,6.995427
Yonne,2043,6.1620655
Yonne,2044,7.2428474
Yonne,2045,7.845052
Yonne,2046,5.2570896
Yonne,2047,5.9717026
Yonne,2048,6.125226
Yonne,2049,5.960823
Yonne,2050,7.6758347
Yvelines,2015,7.566955
Yvelines,2016,6.807259
Yvelines,2017,7.121648
Yvelines,2018,5.839459
Yvelines,2019,5.368758
Yvelines,2020,5.9356394
Yvelines,2021,7.243931
Yvelines,2022,7.454044
Yvelines,2023,7.1408696
Yvelines,2024,7.5836477
Yvelines,2025,7.5068784
Yvelines,2026,6.1106105
Yvelines,2027,6.9572678
Yvelines,2028,7.628772
Yvelines,2029,6.7954125
Yvelines,2030,7.802195
Yvelines,2031,6.9406276
Yvelines,2032,7.8157725
Yvelines,2033,4.7117095
Yvelines,2034,7.034632
Yvelines,2035,5.275764
Yvelines,2036,6.5140634
Yvelines,2037,4.8394876
Yvelines,2038,6.9195747
Yvelines,2039,5.6517286
Yvelines,2040,7.3569107
Yvelines,2041,6.311473
Yvelines,2042,7.6398215
Yvelines,2043,7.424048
Yvelines,2044,7.5676584
Yvelines,2045,7.8908463
Yvelines,2046,6.363868
Yvelines,2047,6.3772097
Yvelines,2048,5.651623
Yvelines,2049,7.3421
Yvelines,2050,7.767187
